ID do NOX;Latitude;Longitude
14001319;0;0
14000002;0;0
14000003;-23,442266;-46,442272
14000004;-23,224678;-45,905712
14000005;-22,930203;-45,36159
14000006;-23,352551;-46,19982
14000007;-23,4415;-46,443199
14000008;-23,261405;-45,950049
14000009;-23,255329;-45,943126
14000010;-23,255589;-45,943544
14000011;0;0
14000012;0;0
14000013;-23,4548;-46,4734
14000014;-22,518395;-44,707726
14000015;0;0
14000016;0;0
14000017;-23,490525;-46,549387
14000018;0;0
14000019;-23,46977;-46,51218
14000020;-46,430099;-46,430099
14000021;-23,255591;-45,943525
14000022;-22,519067;-44,708995
14000023;0;0
14000024;-23,332048;-46,136821
14000025;0;0
14000026;-23,441445;-46,442346
14000027;-23,49311;-46,551923
14000028;-22,488989;-44,553865
14000029;-23,469067;-46,510842
14000030;-22,462141;-44,478881
14000031;0;0
14000032;-23,4549;-46,473164
14000033;-23,233838;-45,915362
14000034;-23,441346;-46,443009
14000035;-22,92985;-45,36113
14000036;0;0
14000037;0;0
14000038;0;0
14000039;-23,454694;-46,473264
14000040;-23,27012;-45,966676
14000041;0;0
14000042;0;0
14000043;0;0
14000044;0;0
14000045;-23,224853;-45,905942
14000046;0;0
14000047;-23,231165;-45,911923
14000048;-22,494708;-44,570061
14000049;0;0
14000050;-23,401766;-46,311681
14000051;0;0
14000052;-23,441799;-46,4436
14000053;-23,465053;-46,499131
14000054;-23,255329;-45,943126
14000055;0;0
14000056;-22,517495;-44,706245
14000057;0;0
14000058;-23,229847;-45,910992
14000059;0;0
14000060;0;0
14000061;-22,517676;-44,706509
14000062;0;0
14000063;0;0
14000064;0;0
14000065;-23,352545;-46,199804
14000066;0;0
14000067;-23,232042;-45,913545
14000068;0;0
14000069;0;0
14000070;-23,106453;-45,697506
14000071;0;0
14000072;-23,232462;-45,914077
14000073;0;0
14000074;0;0
14000075;0;0
14000076;-23,229189;-45,90981
14000077;0;0
14000078;-23,224202;-45,90486
14000079;-23,454599;-46,472801
14000080;0;0
14000081;-23,246224;-45,929024
14000082;-23,352501;-46,181211
14000083;-22,516671;-44,704745
14000084;-23,270121;-45,966677
14000085;-23,454672;-46,472622
14000086;0;0
14000087;-22,487499;-44,5508
14000088;0;0
14000089;0;0
14000090;-23,106494;-45,697512
14000091;-23,490877;-46,549706
14000092;-23,4417;-46,443445
14000093;-23,454901;-46,4744
14000094;-23,229475;-45,910582
14000095;0;0
14000096;0;0
14000097;0;0
14000098;-23,49263;-46,552342
14000099;-23,440954;-46,441788
14000100;-23,272025;-45,969502
14000101;-23,246239;-45,929025
14000102;0;0
14000103;0;0
14000104;-22,516512;-44,704487
14000105;0;0
14000106;-23,208039;-45,886818
14000107;0;0
14000108;-23,497164;-46,558519
14000109;0;0
14000110;0;0
14000111;-23,241488;-45,923777
14000112;0;0
14000113;-23,33191;-46,136544
14000114;-23,442537;-46,441676
14000115;-22,45735;-44,416179
14000116;-22,494786;-44,570291
14000117;-23,500153;-46,559686
14000118;-22,4657;-44,491299
14000119;0;0
14000120;-22,4945;-44,56977
14000121;-23,270738;-45,967635
14000122;-22,488166;-44,552479
14000123;0;0
14000124;-22,495252;-44,569632
14000125;-22,4949;-44,5705
14000126;-23,271987;-45,96953
14000127;0;0
14000128;0;0
14000129;0;0
14000130;-23,441192;-46,44276
14000131;-22,891615;-45,291057
14000132;-22,518933;-44,708733
14000133;-22,49507;-44,569162
14000134;-22,487578;-44,5521
14000135;0;0
14000136;-22,488491;-44,552822
14000137;-22,49444;-44,57019
14000138;0;0
14000139;-23,173203;-45,828071
14000140;-22,51739;-44,705994
14000141;-22,49507;-44,569162
14000142;-23,167318;-45,815041
14000143;0;0
14000144;-23,352522;-46,19945
14000145;0;0
14000146;0;0
14000147;-23,260292;-45,949258
14000148;0;0
14000149;0;0
14000150;-22,466024;-44,499744
14000151;-22,517108;-44,705497
14000152;0;0
14000153;0;0
14000154;-23,22891;-45,910185
14000155;0;0
14000156;-22,4949;-44,5705
14000157;-23,442299;-46,444387
14000158;-22,51696;-44,705243
14000159;-23,10677;-45,697957
14000160;-23,441154;-46,4422
14000161;-23,364382;-46,225516
14000162;-22,930203;-45,36159
14000163;0;0
14000164;-23,469586;-46,512514
14000165;0;0
14000166;-23,241975;-45,924407
14000167;-23,208071;-45,886872
14000168;0;0
14000169;-22,466499;-44,496799
14000170;0;0
14000171;-23,413799;-46,3615
14000172;-23,234195;-45,915779
14000173;-22,465599;-44,491299
14000174;0;0
14000175;0;0
14000176;0;0
14000177;0;0
14000178;0;0
14000179;0;0
14000180;-23,471322;-46,517531
14000181;0;0
14000182;-22,891627;-45,291073
14000183;-23,470933;-46,517197
14000184;0;0
14000185;0;0
14000186;0;0
14000187;0;0
14000188;0;0
14000189;0;0
14000190;0;0
14000191;-23,352503;-46,181209
14000192;0;0
14000193;-23,493712;-46,552227
14000194;0;0
14000195;0;0
14000196;0;0
14000197;-22,495252;-44,569632
14000198;-22,495362;-44,570022
14000199;-23,270419;-45,967137
14000200;-22,49507;-44,569162
14000201;-23,500439;-46,560642
14000202;0;0
14000203;0;0
14000204;-23,231421;-45,912761
14000205;-22,486956;-44,550963
14000206;-23,352117;-46,181663
14000207;0;0
14000208;0;0
14000209;-23,401663;-46,311185
14000210;0;0
14000211;-22,518651;-44,708222
14000212;0;0
14000213;0;0
14000214;0;0
14000215;-22,457186;-44,414307
14000216;-23,249128;-45,933747
14000217;-23,442365;-46,441929
14000218;0;0
14000219;0;0
14000220;0;0
14000221;-23,271338;-45,968587
14000222;-23,246238;-45,929011
14000223;-23,441299;-46,442699
14000224;0;0
14000225;-23,214899;-45,894798
14000226;0;0
14000227;-22,49507;-44,569162
14000228;-23,27042;-45,967145
14000229;0;0
14000230;-23,44218;-46,444148
14000231;-23,469678;-46,512806
14000232;-22,891761;-45,291286
14000233;0;0
14000234;-23,259399;-45,9543
14000235;0;0
14000236;-22,494956;-44,568884
14000237;-23,441168;-46,442195
14000238;0;0
14000239;0;0
14000240;-22,487159;-44,551053
14000241;-22,49435;-44,56976
14000242;-22,516814;-44,704988
14000243;0;0
14000244;-22,4666;-44,496899
14000245;-23,255337;-45,943112
14000246;-22,49421;-44,56955
14000247;-22,4953;-44,569794
14000248;-23,428105;-46,410572
14000249;-23,271351;-45,96859
14000250;-22,518226;-44,707477
14000251;0;0
14000252;-23,442025;-46,443907
14000253;-23,270742;-45,967615
14000254;-23,454597;-46,473022
14000255;-23,440903;-46,442008
14000256;0;0
14000257;0;0
14000258;0;0
14000259;-23,260583;-45,949967
14000260;-23,24114;-45,923472
14000261;0;0
14000262;-23,401714;-46,311432
14000263;-23,364144;-46,225079
14000264;0;0
14000265;0;0
14000266;0;0
14000267;-23,401543;-46,310429
14000268;0;0
14000269;-22,462151;-44,478904
14000270;0;0
14000271;-22,466309;-44,499478
14000272;-23,246239;-45,929025
14000273;-23,364391;-46,225514
14000274;0;0
14000275;0;0
14000276;-23,271044;-45,968122
14000277;-23,364271;-46,22526
14000278;0;0
14000279;0;0
14000280;-23,352507;-46,181578
14000281;-23,352456;-46,200786
14000282;-23,401508;-46,310677
14000283;0;0
14000284;0;0
14000285;-22,495362;-44,570022
14000286;0;0
14000287;-23,401478;-46,310199
14000288;0;0
14000289;-23,437307;-46,430947
14000290;0;0
14000291;-23,352239;-46,198818
14000292;-23,401617;-46,310924
14000293;0;0
14000294;-23,364128;-46,225085
14000295;0;0
14000296;0;0
14000297;-23,395158;-46,289781
14000298;0;0
14000299;0;0
14000300;-23,333204;-46,13917
14000301;0;0
14000302;-23,260556;-45,949399
14000303;0;0
14000304;-23,465944;-46,501611
14000305;0;0
14000306;0;0
14000307;0;0
14000308;-23,400574;-46,306803
14000309;-23,401793;-46,311919
14000310;-23,401761;-46,311684
14000311;0;0
14000312;-23,401623;-46,310922
14000313;0;0
14000314;0;0
14000315;-23,167465;-45,815302
14000316;0;0
14000317;0;0
14000318;0;0
14000319;0;0
14000320;-23,39019;-46,279506
14000321;-23,401474;-46,310174
14000322;0;0
14000323;-23,232462;-45,914077
14000324;0;0
14000325;-23,215401;-45,895401
14000326;0;0
14000327;0;0
14000328;-23,246239;-45,929025
14000329;-23,401661;-46,311185
14000330;-23,166933;-45,815483
14000331;0;0
14000332;-23,17354;-45,82761
14000333;0;0
14000334;0;0
14000335;0;0
14000336;-23,40067;-46,307527
14000337;-23,427713;-46,409654
14000338;0;0
14000339;0;0
14000340;-22,457252;-44,41466
14000341;-23,400646;-46,307145
14000342;0;0
14000343;0;0
14000344;-22,51852;-44,707974
14000345;-23,401535;-46,310443
14000346;-23,35179;-46,199913
14000347;-22,489008;-44,554121
14000348;-23,401596;-46,310712
14000349;-23,255591;-45,943525
14000350;-23,442325;-46,442599
14000351;-23,198002;-45,875881
14000352;-22,487563;-44,551935
14000353;-22,487321;-44,550916
14000354;-23,332285;-46,137333
14000355;-23,197337;-45,876329
14000356;-23,401675;-46,311452
14000357;0;0
14000358;-23,442397;-46,442829
14000359;-23,442257;-46,442105
14000360;0;0
14000361;0;0
14000362;-23,526234;-46,588558
14000363;-23,490744;-46,549725
14000364;0;0
14000365;0;0
14000366;-23,246237;-45,929018
14000367;0;0
14000368;0;0
14000369;0;0
14000370;0;0
14000371;-23,352268;-46,198807
14000372;0;0
14000373;0;0
14000374;0;0
14000375;0;0
14000376;0;0
14000377;0;0
14000378;0;0
14000379;0;0
14000380;-23,215572;-46,894945
14000381;-23,271679;-45,96908
14000382;-22,517236;-44,705752
14000383;-23,352498;-46,199471
14000384;-22,517927;-44,707
14000385;0;0
14000386;-23,106633;-45,697742
14000387;-22,494956;-44,568884
14000388;-23,106615;-45,697737
14000389;-22,930203;-45,36159
14000390;-23,352542;-46,199799
14000391;-22,4949;-44,5705
14000392;0;0
14000393;0;0
14000394;0;0
14000395;-22,487052;-44,551689
14000396;0;0
14000397;-23,471517;-46,517956
14000398;0;0
14000399;0;0
14000400;-23,436707;-46,429931
14000401;-23,352498;-46,181566
14000402;-22,517817;-44,706715
14000403;0;0
14000404;0;0
14000405;0;0
14000406;-23,441443;-46,442348
14000407;0;0
14000408;-23,185801;-45,853901
14000409;0;0
14000410;-23,27105;-45,968111
14000411;-22,486987;-44,551505
14000412;-23,255337;-45,943112
14000413;0;0
14000414;0;0
14000415;0;0
14000416;-22,494956;-44,568884
14000417;-23,442284;-46,442412
14000418;0;0
14000419;-22,494956;-44,568884
14000420;0;0
14000421;0;0
14000422;0;0
14000423;-23,246239;-45,929025
14000424;-22,488837;-44,553468
14000425;0;0
14000426;-23,427995;-46,410293
14000427;0;0
14000428;-22,495252;-44,569632
14000429;-23,427847;-46,409941
14000430;-22,457389;-44,416389
14000431;0;0
14000432;-22,48798;-44,552341
14000433;-23,470933;-46,517197
14000434;-22,495362;-44,570022
14000435;-22,495252;-44,569632
14000436;-23,208263;-45,887147
14000437;-23,441101;-46,442501
14000438;0;0
14000439;0;0
14000440;0;0
14000441;0;0
14000442;-23,441367;-46,44266
14000443;0;0
14000444;0;0
14000445;0;0
14000446;0;0
14000447;0;0
14000448;0;0
14000449;-22,457472;-44,417297
14000450;-23,332951;-46,138633
14000451;-23,440989;-46,442273
14000452;0;0
14000453;-22,518097;-44,707231
14000454;0;0
14000455;-23,454267;-46,472233
14000456;-23,246239;-45,929025
14000457;0;0
14000458;0;0
14000459;-23,246224;-45,929024
14000460;-22,5188;-44,708449
14000461;0;0
14000462;-23,246239;-45,929025
14000463;-23,442411;-46,444629
14000464;-23,499819;-46,560764
14000465;0;0
14000466;0;0
14000467;0;0
14000468;0;0
14000469;0;0
14000470;-23,260099;-45,949902
14000471;0;0
14000472;0;0
14000473;0;0
14000474;-23,4547;-46,473099
14000475;-22,487808;-44,551603
14000476;0;0
14000477;-23,255589;-45,943544
14000478;-23,454564;-46,472358
14000479;-23,334396;-46,141441
14000480;0;0
14000481;-23,454399;-46,472698
14000482;-22,45732;-44,415772
14000483;0;0
14000484;-23,246224;-45,929024
14000485;-22,48718;-44,551821
14000486;-23,454806;-46,473522
14000487;0;0
14000488;-23,246238;-45,929011
14000489;-23,226569;-45,907518
14000490;0;0
14000491;0;0
14000492;-23,246239;-45,929025
14000493;-23,255573;-45,943539
14000494;-23,246239;-45,929025
14000495;0;0
14000496;-23,246237;-45,929018
14000497;-22,457327;-44,415781
14000498;0;0
14000499;0;0
14000500;-22,494786;-44,570291
14000501;-23,255329;-45,943126
14000502;-22,4944;-44,5692
14000503;0;0
14000504;-23,246224;-45,929024
14000505;-23,454478;-46,472742
14000506;-23,233685;-45,915295
14000507;-22,488337;-44,552617
14000508;-23,4548;-46,4729
14000509;0;0
14000510;-23,255329;-45,943126
14000511;-23,246239;-45,929025
14000512;0;0
14000513;0;0
14000514;-23,260829;-45,950113
14000515;0;0
14000516;-23,246239;-45,929025
14000517;-23,454933;-46,473831
14000518;0;0
14000519;0;0
14000520;0;0
14000521;-22,488833;-44,553441
14000522;-23,351814;-46,199901
14000523;-23,197252;-45,876201
14000524;-23,352011;-46,181125
14000525;-23,173719;-45,827859
14000526;-23,334262;-46,141201
14000527;-23,260283;-45,949552
14000528;-22,489018;-44,554119
14000529;0;0
14000530;-23,333344;-46,139395
14000531;-23,4545;-46,472401
14000532;-23,526015;-46,58841
14000533;-23,455161;-46,474375
14000534;0;0
14000535;0;0
14000536;-22,92952;-45,36087
14000537;0;0
14000538;0;0
14000539;-22,494708;-44,570061
14000540;0;0
14000541;-23,469161;-46,511125
14000542;-22,930203;-45,36159
14000543;-23,332554;-46,137852
14000544;0;0
14000545;0;0
14000546;-22,494708;-44,570061
14000547;-23,490744;-46,549725
14000548;0;0
14000549;-23,455;-46,474602
14000550;-22,93006;-45,36127
14000551;0;0
14000552;-22,49441;-44,56938
14000553;-23,452;-46,473999
14000554;0;0
14000555;-23,234174;-45,915925
14000556;-23,333478;-46,139654
14000557;-23,331893;-46,136535
14000558;-23,333723;-46,140154
14000559;0;0
14000560;-23,351815;-46,199881
14000561;-23,352448;-46,200794
14000562;-23,455017;-46,473433
14000563;-23,43579;-46,427519
14000564;-23,226569;-45,907518
14000565;0;0
14000566;-23,469761;-46,513075
14000567;-23,332418;-46,137605
14000568;0;0
14000569;0;0
14000570;-23,334174;-46,140985
14000571;0;0
14000572;0;0
14000573;-23,455017;-46,473433
14000574;-22,494786;-44,570291
14000575;-23,351819;-46,199903
14000576;-23,231421;-45,912761
14000577;-22,494786;-44,570291
14000578;-23,332153;-46,137083
14000579;-23,226163;-45,907178
14000580;-23,332807;-46,138367
14000581;-22,930203;-45,36159
14000582;-22,49441;-44,56938
14000583;-23,35245;-46,200788
14000584;-23,333617;-46,139918
14000585;-23,469325;-46,511675
14000586;-23,503939;-46,567364
14000587;-23,471633;-46,518239
14000588;-23,499414;-46,560291
14000589;0;0
14000590;0;0
14000591;0;0
14000592;-23,461872;-46,49035
14000593;-23,490877;-46,549706
14000594;-23,471872;-46,518711
14000595;-23,461872;-46,49035
14000596;0;0
14000597;-23,461961;-46,490614
14000598;-23,226163;-45,907178
14000599;-23,461961;-46,490614
14000600;-22,93041;-45,36185
14000601;-23,462064;-46,490881
14000602;0;0
14000603;-23,462064;-46,490881
14000604;-23,232625;-45,914268
14000605;-23,234387;-45,916204
14000606;-23,233087;-45,914583
14000607;0;0
14000608;-23,492764;-46,552543
14000609;0;0
14000610;-23,500331;-46,559875
14000611;-23,461689;-46,489819
14000612;-23,461689;-46,489819
14000613;0;0
14000614;-23,496481;-46,557503
14000615;-23,242012;-45,924318
14000616;-23,46984;-46,51244
14000617;0;0
14000618;-23,24114;-45,923472
14000619;-23,462158;-46,491153
14000620;-23,498089;-46,558447
14000621;-23,462158;-46,491153
14000622;-23,233015;-45,914377
14000623;-23,23335;-45,91478
14000624;0;0
14000625;0;0
14000626;0;0
14000627;-23,233685;-45,915295
14000628;-23,232625;-45,914268
14000629;-23,503761;-46,567167
14000630;-23,233468;-45,915007
14000631;0;0
14000632;0;0
14000633;0;0
14000634;-22,494708;-44,570061
14000635;-23,469325;-46,511675
14000636;0;0
14000637;-23,23335;-45,91478
14000638;-23,475756;-46,526124
14000639;-23,232227;-45,913877
14000640;0;0
14000641;0;0
14000642;0;0
14000643;-23,437156;-46,431
14000644;0;0
14000645;-22,93041;-45,36185
14000646;0;0
14000647;-22,4944;-44,5692
14000648;-23,497317;-46,558758
14000649;0;0
14000650;-22,49485;-44,56873
14000651;-23,233087;-45,914583
14000652;-22,4944;-44,5692
14000653;-22,494059;-44,568653
14000654;-23,469761;-46,513075
14000655;-23,503222;-46,566403
14000656;-23,503222;-46,566403
14000657;-22,93041;-45,36185
14000658;0;0
14000659;-22,49441;-44,56938
14000660;0;0
14000661;0;0
14000662;0;0
14000663;0;0
14000664;-22,49441;-44,56938
14000665;-23,233015;-45,914377
14000666;-23,469067;-46,510842
14000667;-23,233468;-45,915007
14000668;-23,232032;-45,913772
14000669;0;0
14000670;0;0
14000671;0;0
14000672;-23,437382;-46,431536
14000673;0;0
14000674;-22,4944;-44,5692
14000675;-23,234387;-45,916204
14000676;-23,471756;-46,518467
14000677;-23,231548;-45,913118
14000678;-23,503611;-46,566967
14000679;0;0
14000680;-23,224472;-45,905492
14000681;-23,497539;-46,55905
14000682;-23,234174;-45,915925
14000683;-23,225978;-45,906903
14000684;0;0
14000685;-23,504117;-46,567619
14000686;0;0
14000687;0;0
14000688;0;0
14000689;0;0
14000690;-23,49067;-46,549379
14000691;0;0
14000692;0;0
14000693;0;0
14000694;-23,233838;-45,915362
14000695;0;0
14000696;0;0
14000697;0;0
14000698;-23,352466;-46,200801
14000699;0;0
14000700;0;0
14000701;0;0
14000702;-23,333876;-46,140443
14000703;-23,413799;-46,3615
14000704;0;0
14000705;-23,48477;-46,538429
14000706;-23,503422;-46,566706
14000707;0;0
14000708;-23,4352;-46,426498
14000709;0;0
14000710;0;0
14000711;0;0
14000712;0;0
14000713;0;0
14000714;0;0
14000715;0;0
14000716;0;0
14000717;0;0
14000718;-23,471517;-46,517956
14000719;-23,332695;-46,138092
14000720;-23,496628;-46,557761
14000721;0;0
14000722;0;0
14000723;-23,462792;-46,492817
14000724;-23,498361;-46,560247
14000725;-23,4135;-46,3617
14000726;-23,224472;-45,905492
14000727;-23,492973;-46,552031
14000728;0;0
14000729;-23,497722;-46,559242
14000730;-23,231421;-45,912761
14000731;0;0
14000732;-23,437044;-46,430732
14000733;-23,239548;-45,921613
14000734;-23,476165;-46,525209
14000735;-23,435586;-46,426897
14000736;-23,493561;-46,55987
14000737;-23,503761;-46,567167
14000738;-23,224853;-45,905942
14000739;-23,503422;-46,566706
14000740;0;0
14000741;-23,497101;-46,557999
14000742;-23,504311;-46,567858
14000743;0;0
14000744;-23,242145;-45,924603
14000745;-23,224678;-45,905712
14000746;0;0
14000747;-23,241548;-45,923767
14000748;-23,414;-46,361198
14000749;0;0
14000750;-23,471081;-46,516961
14000751;-23,492764;-46,552543
14000752;0;0
14000753;-23,23796;-45,92011
14000754;-23,229083;-45,910335
14000755;-23,241008;-45,923193
14000756;-23,242324;-45,924723
14000757;-23,436019;-46,428015
14000758;0;0
14000759;0;0
14000760;-23,243227;-45,925695
14000761;-23,228697;-45,909955
14000762;-23,493253;-46,551765
14000763;0;0
14000764;0;0
14000765;0;0
14000766;-23,239678;-45,921735
14000767;0;0
14000768;-23,238117;-45,92027
14000769;-23,457258;-46,478747
14000770;0;0
14000771;-23,241008;-45,923193
14000772;0;0
14000773;-23,231421;-45,912761
14000774;0;0
14000775;-23,2425;-45,924885
14000776;-23,229847;-45,910992
14000777;-23,231421;-45,912761
14000778;-23,490525;-46,549387
14000779;-23,496964;-46,558256
14000780;-23,4629;-46,493094
14000781;0;0
14000782;-23,504311;-46,567858
14000783;0;0
14000784;-23,490744;-46,549725
14000785;-23,504517;-46,568064
14000786;-23,241488;-45,923777
14000787;-23,49119;-46,549343
14000788;-23,4629;-46,493094
14000789;-23,493253;-46,551765
14000790;-23,503611;-46,566967
14000791;-23,239838;-45,921942
14000792;0;0
14000793;-23,23833;-45,92032
14000794;-23,516623;-46,580141
14000795;0;0
14000796;0;0
14000797;-23,23943;-45,921563
14000798;0;0
14000799;0;0
14000800;-23,231421;-45,912761
14000801;-23,516623;-46,580141
14000802;0;0
14000803;0;0
14000804;0;0
14000805;-23,435577;-46,427271
14000806;0;0
14000807;-23,229847;-45,910992
14000808;-23,471197;-46,517236
14000809;-23,238883;-45,920847
14000810;0;0
14000811;0;0
14000812;-23,461781;-46,490083
14000813;-23,435947;-46,427694
14000814;-23,461781;-46,490083
14000815;-23,516415;-46,579938
14000816;-23,494247;-46,55435
14000817;-23,241548;-45,923767
14000818;0;0
14000819;0;0
14000820;-23,516415;-46,579938
14000821;-23,254641;-45,942982
14000822;0;0
14000823;-23,491225;-46,549431
14000824;0;0
14000825;-23,503939;-46,567364
14000826;-23,504517;-46,568064
14000827;-23,457544;-46,478831
14000828;-23,496092;-46,558664
14000829;0;0
14000830;0;0
14000831;0;0
14000832;-23,459125;-46,482608
14000833;-23,229475;-45,910582
14000834;-23,232042;-45,913545
14000835;-23,471081;-46,516961
14000836;0;0
14000837;0;0
14000838;0;0
14000839;-23,229847;-45,910992
14000840;-23,238492;-45,920608
14000841;-23,49263;-46,552342
14000842;-23,457431;-46,478581
14000843;0;0
14000844;-23,231548;-45,913118
14000845;-23,495906;-46,558853
14000846;-23,495633;-46,559028
14000847;0;0
14000848;0;0
14000849;0;0
14000850;-23,500261;-46,560786
14000851;0;0
14000852;-23,471322;-46,517531
14000853;0;0
14000854;-23,457486;-46,479292
14000855;-23,242012;-45,924318
14000856;-23,499897;-46,559583
14000857;-23,457378;-46,479017
14000858;-23,457258;-46,478747
14000859;0;0
14000860;-23,436846;-46,429885
14000861;0;0
14000862;-23,437269;-46,431268
14000863;-23,495339;-46,559122
14000864;0;0
14000865;-23,490877;-46,549706
14000866;-23,471197;-46,517236
14000867;-23,229083;-45,910335
14000868;-23,495081;-46,55915
14000869;0;0
14000870;-23,497947;-46,558242
14000871;-23,241008;-45,923193
14000872;-23,471756;-46,518467
14000873;0;0
14000874;0;0
14000875;-23,494825;-46,559147
14000876;-23,500869;-46,560822
14000877;-23,228697;-45,909955
14000878;0;0
14000879;-23,22891;-45,910185
14000880;0;0
14000881;-23,472006;-46,518983
14000882;-23,472006;-46,518983
14000883;-23,494422;-46,554625
14000884;-23,456461;-46,476889
14000885;-23,461663;-46,49042
14000886;0;0
14000887;-23,461663;-46,49042
14000888;-23,436034;-46,428328
14000889;-23,4946;-46,554863
14000890;-23,435354;-46,426739
14000891;-23,435921;-46,428061
14000892;-23,494767;-46,555089
14000893;-23,436595;-46,429664
14000894;-23,494961;-46,555358
14000895;0;0
14000896;-23,435688;-46,427539
14000897;0;0
14000898;0;0
14000899;-23,471872;-46,518711
14000900;-23,46525;-46,499683
14000901;-23,456811;-46,477689
14000902;0;0
14000903;-46,425499;-46,425499
14000904;0;0
14000905;-23,493097;-46,552728
14000906;0;0
14000907;-23,457378;-46,479017
14000908;-23,457028;-46,478211
14000909;-23,493258;-46,552998
14000910;-23,493419;-46,553194
14000911;-23,493569;-46,553422
14000912;-23,495144;-46,555625
14000913;0;0
14000914;-23,458722;-46,482217
14000915;0;0
14000916;0;0
14000917;-23,495311;-46,555864
14000918;0;0
14000919;-23,458825;-46,482475
14000920;0;0
14000921;-23,458614;-46,48195
14000922;-23,456578;-46,477164
14000923;0;0
14000924;-23,435464;-46,427003
14000925;-23,458614;-46,48195
14000926;-23,495481;-46,556106
14000927;0;0
14000928;-23,495639;-46,556356
14000929;-23,456578;-46,477164
14000930;0;0
14000931;-23,45715;-46,478478
14000932;-23,498208;-46,560014
14000933;-23,456811;-46,477689
14000934;-23,456461;-46,476889
14000935;0;0
14000936;0;0
14000937;0;0
14000938;-23,457028;-46,478211
14000939;-23,457486;-46,479292
14000940;0;0
14000941;-23,46525;-46,499683
14000942;-23,496117;-46,557094
14000943;-23,496233;-46,557356
14000944;-23,241008;-45,923193
14000945;0;0
14000946;-23,456697;-46,477433
14000947;-23,496347;-46,557867
14000948;-23,496319;-46,558142
14000949;-23,456919;-46,477956
14000950;0;0
14000951;0;0
14000952;0;0
14000953;-23,496231;-46,558422
14000954;-23,495967;-46,556861
14000955;-23,458825;-46,482475
14000956;-23,527201;-46,589298
14000957;0;0
14000958;-23,471633;-46,518239
14000959;-23,46176;-46,490711
14000960;-23,46176;-46,490711
14000961;-23,253418;-45,940679
14000962;-23,253418;-45,940679
14000963;-23,253418;-45,940679
14000964;-23,253418;-45,940679
14000965;-23,253418;-45,940679
14000966;-23,253418;-45,940679
14000967;-23,253418;-45,940679
14000968;-23,2593;-45,951111
14000969;-23,253418;-45,940679
14000970;-23,253418;-45,940679
14000971;-23,253418;-45,940679
14000972;-23,253418;-45,940679
14000973;-23,253418;-45,940679
14000974;-23,253418;-45,940679
14000975;-23,253418;-45,940679
14000976;-23,253418;-45,940679
14000977;-23,253418;-45,940679
14000978;-23,253418;-45,940679
14000979;-23,253418;-45,940679
14000980;-23,253418;-45,940679
14000981;-23,253418;-45,940679
14000982;-23,253418;-45,940679
14000983;-23,253418;-45,940679
14000984;-23,253418;-45,940679
14000985;-23,253418;-45,940679
14000986;-23,253418;-45,940679
14000987;0;0
14000988;-23,253418;-45,940679
14000989;0;0
14000990;0;0
14000991;0;0
14000992;0;0
14000993;0;0
14000994;0;0
14000995;0;0
14000996;-23,253418;-45,940679
14000997;0;0
14000998;0;0
14000999;-23,253418;-45,940679
14001000;-23,253418;-45,940679
14001001;0;0
14001002;0;0
14001003;0;0
14001004;-23,227475;-45,90857
14001005;0;0
14001006;0;0
14001007;0;0
14001008;0;0
14001009;-23,464372;-46,497231
14001010;0;0
14001011;0;0
14001012;0;0
14001013;0;0
14001014;0;0
14001015;0;0
14001016;-22,750286;-45,106026
14001017;-22,750797;-45,105466
14001018;-22,843697;-45,225014
14001019;0;0
14001020;0;0
14001021;-23,043013;-45,577382
14001022;0;0
14001023;-23,232227;-45,913877
14001024;-22,92727;-45,35534
14001025;0;0
14001026;-23,467725;-46,507239
14001027;0;0
14001028;-23,40335;-46,332091
14001029;0;0
14001030;-23,228295;-45,909402
14001031;0;0
14001032;-23,464658;-46,498047
14001033;0;0
14001034;0;0
14001035;-22,516254;-44,70402
14001036;-22,750448;-45,105661
14001037;0;0
14001038;0;0
14001039;-23,2279;-45,908901
14001040;0;0
14001041;0;0
14001042;-23,226999;-45,908001
14001043;-23,227637;-45,908752
14001044;-23,4646;-46,497601
14001045;-22,9567;-45,414
14001046;-23,402773;-46,331907
14001047;-23,403607;-46,331646
14001048;0;0
14001049;0;0
14001050;0;0
14001051;-23,40219;-46,328864
14001052;-23,464469;-46,497503
14001053;0;0
14001054;-23,225433;-45,906355
14001055;-23,186227;-45,85274
14001056;-23,227637;-45,908752
14001057;0;0
14001058;-23,464761;-46,498319
14001059;0;0
14001060;-23,402359;-46,328637
14001061;-23,403466;-46,331844
14001062;0;0
14001063;-22,750296;-45,106032
14001064;0;0
14001065;0;0
14001066;0;0
14001067;-23,464272;-46,496967
14001068;0;0
14001069;-22,750434;-45,105658
14001070;-23,402144;-46,329171
14001071;-23,402344;-46,328668
14001072;-23,467906;-46,507811
14001073;0;0
14001074;0;0
14001075;-23,467428;-46,506389
14001076;0;0
14001077;-22,516123;-44,703778
14001078;-22,822294;-45,192718
14001079;-23,402557;-46,331657
14001080;-23,227868;-45,90898
14001081;-22,779642;-45,148429
14001082;-23,402764;-46,331305
14001083;-22,750624;-45,105553
14001084;-22,75063;-45,105549
14001085;-23,402328;-46,331508
14001086;0;0
14001087;0;0
14001088;-23,467231;-46,505833
14001089;0;0
14001090;0;0
14001091;0;0
14001092;0;0
14001093;-23,352289;-46,198816
14001094;-23,02386;-45,53808
14001095;-23,401024;-46,306913
14001096;-23,227637;-45,909638
14001097;-22,93004;-45,3614
14001098;-23,2285;-45,909801
14001099;-22,457008;-44,410022
14001100;0;0
14001101;-22,515978;-44,703516
14001102;-22,927385;-45,35556
14001103;-23,402776;-46,331875
14001104;-22,750452;-45,105658
14001105;-23,390333;-46,2787
14001106;-22,750809;-45,105444
14001107;-23,402183;-46,328865
14001108;0;0
14001109;0;0
14001110;0;0
14001111;0;0
14001112;-23,04289;-45,5771
14001113;-23,467331;-46,506122
14001114;-23,228088;-45,909172
14001115;-23,225033;-45,90596
14001116;0;0
14001117;-22,92919;-45,3597
14001118;-23,352291;-46,198815
14001119;-23,402142;-46,329192
14001120;0;0
14001121;-23,224988;-45,908088
14001122;0;0
14001123;-23,401189;-46,307665
14001124;-23,227475;-45,90857
14001125;0;0
14001126;-22,779494;-45,14857
14001127;-23,2269;-45,9081
14001128;-23,227475;-45,90857
14001129;-23,186539;-45,852461
14001130;-23,225433;-45,906355
14001131;0;0
14001132;-22,92967;-45,36059
14001133;-23,248301;-45,932899
14001134;-23,227873;-45,90893
14001135;0;0
14001136;-23,227475;-45,90857
14001137;-23,04335;-45,57733
14001138;-23,364453;-46,224956
14001139;-23,464561;-46,497786
14001140;0;0
14001141;-23,402144;-46,329177
14001142;-22,750787;-45,105466
14001143;-23,043013;-45,577382
14001144;-23,233817;-45,914955
14001145;-22,782822;-45,150028
14001146;-22,9567;-45,414
14001147;0;0
14001148;-23,02386;-45,53808
14001149;-22,537408;-44,194296
14001150;-22,95716;-45,41382
14001151;0;0
14001152;-23,4629;-46,499802
14001153;-23,234358;-45,915212
14001154;0;0
14001155;-22,672501;-43,818001
14001156;-23,466353;-46,503358
14001157;-22,822288;-45,192697
14001158;-23,402136;-46,329138
14001159;-22,843607;-45,225057
14001160;-22,92967;-45,36059
14001161;-22,780055;-45,147919
14001162;-23,225033;-45,90596
14001163;-23,186296;-45,852521
14001164;0;0
14001165;0;0
14001166;-23,225212;-45,90857
14001167;-23,25345;-45,94124
14001168;0;0
14001169;-23,402642;-46,33155
14001170;0;0
14001171;-22,93004;-45,3614
14001172;-23,253868;-45,941887
14001173;-23,24575;-45,929313
14001174;-22,822261;-45,192699
14001175;-22,7514;-45,1059
14001176;-23,252342;-45,939327
14001177;-23,464956;-46,498856
14001178;0;0
14001179;-22,929564;-45,36027
14001180;-22,456979;-44,409722
14001181;-22,67351;-43,81757
14001182;-22,929564;-45,36027
14001183;0;0
14001184;-22,750156;-45,105577
14001185;-23,249201;-45,933498
14001186;0;0
14001187;0;0
14001188;-22,95403;-45,4099
14001189;-23,22451;-45,905023
14001190;0;0
14001191;-23,224223;-45,90479
14001192;0;0
14001193;-23,403304;-46,328022
14001194;0;0
14001195;-22,930298;-45,360162
14001196;-22,95356;-45,4103
14001197;-23,402176;-46,328863
14001198;-22,843727;-45,224958
14001199;-23,467331;-46,506122
14001200;-23,234245;-45,906147
14001201;-22,95431;-45,4098
14001202;-23,404454;-46,330763
14001203;-23,404273;-46,329741
14001204;-22,457172;-44,412659
14001205;-23,390428;-46,27928
14001206;0;0
14001207;-22,92917;-45,35912
14001208;-23,223602;-45,905198
14001209;-23,252342;-45,915407
14001210;-23,404956;-46,332212
14001211;0;0
14001212;0;0
14001213;-23,224223;-45,90479
14001214;-23,407415;-46,337288
14001215;0;0
14001216;-23,40487;-46,331534
14001217;-23,407294;-46,337037
14001218;0;0
14001219;-22,92967;-45,36059
14001220;-23,24639;-45,930013
14001221;-22,930298;-45,360162
14001222;-22,95382;-45,41009
14001223;-23,249001;-45,932899
14001224;-23,252497;-45,939327
14001225;-23,4048;-46,331501
14001226;-23,22451;-45,905023
14001227;-22,95491;-45,40946
14001228;-23,2484;-45,933399
14001229;-22,750618;-45,105553
14001230;-22,53707;-44,19464
14001231;-23,22512;-45,906355
14001232;0;0
14001233;-23,234212;-45,915427
14001234;-23,406663;-46,336077
14001235;-23,406518;-46,335783
14001236;-23,252497;-45,904667
14001237;-22,750053;-45,105613
14001238;-22,93004;-45,3614
14001239;-23,407131;-46,336801
14001240;-23,404758;-46,330546
14001241;-23,404788;-46,331203
14001242;-23,249113;-45,906147
14001243;-23,404754;-46,332338
14001244;-22,95449;-45,40965
14001245;-23,106776;-45,697977
14001246;0;0
14001247;0;0
14001248;0;0
14001249;0;0
14001250;-22,92967;-45,36059
14001251;-23,404528;-46,332397
14001252;0;0
14001253;-23,402249;-46,330458
14001254;-23,224858;-45,906522
14001255;-23,252612;-45,939685
14001256;0;0
14001257;-23,2486;-45,9338
14001258;-23,243302;-45,926024
14001259;-22,930436;-45,360402
14001260;-22,929564;-45,36027
14001261;-23,404253;-46,329718
14001262;-23,402727;-46,328081
14001263;0;0
14001264;0;0
14001265;-22,675301;-43,8172
14001266;-22,5375;-44,173
14001267;-22,92988;-45,36121
14001268;0;0
14001269;-22,457264;-44,413526
14001270;-23,404467;-46,330746
14001271;0;0
14001272;-23,404693;-46,330876
14001273;0;0
14001274;-22,67202;-43,81804
14001275;-22,749948;-45,105385
14001276;-22,93004;-45,3614
14001277;-23,243822;-45,926363
14001278;0;0
14001279;-22,457432;-44,4167
14001280;0;0
14001281;-23,40257;-46,328337
14001282;-22,457022;-44,410295
14001283;-22,92986;-45,36088
14001284;0;0
14001285;-23,252612;-45,90596
14001286;-23,404702;-46,330864
14001287;0;0
14001288;-23,404499;-46,329794
14001289;0;0
14001290;-23,404957;-46,331866
14001291;-23,254245;-45,942648
14001292;-23,404257;-46,329728
14001293;-22,95335;-45,41038
14001294;-23,501587;-46,565008
14001295;-23,24639;-45,930013
14001296;-22,92978;-45,36092
14001297;-23,504432;-46,568815
14001298;-22,93073;-45,360988
14001299;-23,442284;-46,441845
14001300;-22,457248;-44,413243
14001301;-22,92968;-45,36078
14001302;-23,244263;-45,927122
14001303;0;0
14001304;-23,40494;-46,33185
14001305;-23,29724;-46,00773
14001306;0;0
14001307;-22,93004;-45,3614
14001308;-23,244928;-45,928088
14001309;-23,404778;-46,331219
14001310;-22,456923;-44,409161
14001311;0;0
14001312;-23,429479;-46,412445
14001313;-22,93073;-45,360988
14001314;-23,243762;-45,926515
14001315;-22,457113;-44,411476
14001316;-23,227475;-45,909402
14001317;-22,457141;-44,412369
14001318;-22,456841;-44,408579
14001320;-22,538208;-44,193724
14001321;-22,929564;-45,36027
14001322;-23,244813;-45,927826
14001323;-23,406996;-46,336594
14001324;0;0
14001325;0;0
14001326;-23,224753;-45,906355
14001327;-23,2961;-46,00616
14001328;0;0
14001329;0;0
14001330;-23,404759;-46,33234
14001331;-23,29678;-46,00684
14001332;-22,488998;-44,554353
14001333;-22,5294;-44,745155
14001334;-22,489207;-44,555608
14001335;-22,67391;-43,81752
14001336;-23,406903;-46,336404
14001337;0;0
14001338;0;0
14001339;0;0
14001340;-23,243818;-45,926635
14001341;-22,529239;-44,744561
14001342;0;0
14001343;0;0
14001344;-22,6763;-43,816502
14001345;-22,66631;-43,81932
14001346;0;0
14001347;0;0
14001348;0;0
14001349;0;0
14001350;-22,454158;-44,302663
14001351;-23,29724;-46,00773
14001352;0;0
14001353;-22,6668;-43,8186
14001354;-23,2965;-46,00652
14001355;-23,059285;-45,619766
14001356;-22,528869;-44,743557
14001357;0;0
14001358;-22,45686;-44,408288
14001359;-22,67677;-43,81623
14001360;-22,48929;-44,55578
14001361;0;0
14001362;-23,245988;-45,928173
14001363;0;0
14001364;-23,402723;-46,327574
14001365;-22,52948;-44,74602
14001366;-22,67166;-43,81817
14001367;-22,66462;-43,82365
14001368;-23,253799;-45,941526
14001369;0;0
14001370;0;0
14001371;0;0
14001372;0;0
14001373;-23,243463;-45,925827
14001374;0;0
14001375;-22,6656;-43,8223
14001376;-22,529344;-44,744788
14001377;-22,489058;-44,554796
14001378;-22,492223;-44,563834
14001379;0;0
14001380;-22,667302;-43,842582
14001381;-23,296249;-46,007979
14001382;-22,66846;-43,81799
14001383;-23,245573;-45,929233
14001384;0;0
14001385;-23,29678;-46,00684
14001386;0;0
14001387;0;0
14001388;0;0
14001389;-22,93082;-45,36146
14001390;-23,24275;-45,925264
14001391;0;0
14001392;0;0
14001393;0;0
14001394;0;0
14001395;-22,67703;-43,81594
14001396;-22,677299;-43,815601
14001397;0;0
14001398;-22,669001;-43,818001
14001399;0;0
14001400;0;0
14001401;-22,67987;-43,81375
14001402;0;0
14001403;-22,489385;-44,555913
14001404;-23,244817;-45,92757
14001405;-22,6657;-43,82219
14001406;0;0
14001407;-22,66486;-43,82333
14001408;-22,6731;-43,817699
14001409;0;0
14001410;-22,930298;-45,360162
14001411;0;0
14001412;-23,402098;-46,330765
14001413;0;0
14001414;0;0
14001415;0;0
14001416;0;0
14001417;0;0
14001418;0;0
14001419;0;0
14001420;-22,66926;-43,81807
14001421;-22,674299;-43,817402
14001422;0;0
14001423;-23,29713;-46,00743
14001424;-23,467992;-46,508094
14001425;0;0
14001426;-23,29713;-46,00743
14001427;0;0
14001428;-23,29678;-46,00684
14001429;0;0
14001430;0;0
14001431;0;0
14001432;-23,29713;-46,00743
14001433;-22,6762;-43,81691
14001434;0;0
14001435;-23,2965;-46,00652
14001436;0;0
14001437;0;0
14001438;0;0
14001439;-23,29678;-46,00684
14001440;0;0
14001441;0;0
14001442;-22,780552;-45,147407
14001443;0;0
14001444;-23,502309;-46,564468
14001445;-22,67582;-43,81711
14001446;0;0
14001447;-23,29724;-46,00773
14001448;-22,66875;-43,81798
14001449;0;0
14001450;-22,822271;-45,192673
14001451;0;0
14001452;-23,467906;-46,507811
14001453;-23,29724;-46,00773
14001454;-22,669701;-43,818001
14001455;0;0
14001456;-23,233999;-45,9146
14001457;-23,29713;-46,00743
14001458;0;0
14001459;0;0
14001460;0;0
14001461;-22,6726;-43,817799
14001462;-23,464272;-46,496967
14001463;-22,66649;-43,81903
14001464;-22,679501;-43,813801
14001465;0;0
14001466;0;0
14001467;0;0
14001468;-23,40225;-46,330428
14001469;-22,930298;-45,360162
14001470;-23,29724;-46,00773
14001471;0;0
14001472;-23,503344;-46,567433
14001473;0;0
14001474;0;0
14001475;0;0
14001476;-22,750182;-45,105567
14001477;0;0
14001478;0;0
14001479;0;0
14001480;-22,529395;-44,746386
14001481;-23,227375;-45,909172
14001482;0;0
14001483;-22,843727;-45,224958
14001484;-22,783094;-45,149777
14001485;-23,50426;-46,56853
14001486;-23,364324;-46,224747
14001487;-23,30443;-46,033306
14001488;-23,05918;-45,619521
14001489;-23,404749;-46,33054
14001490;0;0
14001491;-23,468144;-46,508606
14001492;0;0
14001493;0;0
14001494;0;0
14001495;-23,442505;-46,44145
14001496;-22,66548;-43,8226
14001497;-23,501859;-46,565376
14001498;0;0
14001499;0;0
14001500;-22,529076;-44,744204
14001501;0;0
14001502;-22,692795;-43,78247
14001503;-22,891908;-45,291477
14001504;-23,442233;-46,441382
14001505;0;0
14001506;-23,429055;-46,411307
14001507;0;0
14001508;-23,40179;-46,311938
14001509;-22,669701;-43,818001
14001510;-23,060356;-45,621471
14001511;-22,69225;-43,78353
14001512;0;0
14001513;-23,441948;-46,441502
14001514;0;0
14001515;-23,060706;-45,622681
14001516;-23,465153;-46,499403
14001517;-23,29713;-46,00743
14001518;0;0
14001519;0;0
14001520;0;0
14001521;-23,404256;-46,329734
14001522;-23,407876;-46,338057
14001523;-23,243948;-45,926667
14001524;0;0
14001525;-23,2965;-46,00652
14001526;-23,408294;-46,33876
14001527;0;0
14001528;-23,296826;-46,008714
14001529;0;0
14001530;-23,060056;-45,62097
14001531;0;0
14001532;0;0
14001533;0;0
14001534;0;0
14001535;-22,930298;-45,360162
14001536;0;0
14001537;0;0
14001538;-23,442025;-46,441739
14001539;0;0
14001540;-23,2961;-46,00616
14001541;-23,408424;-46,339159
14001542;0;0
14001543;0;0
14001544;0;0
14001545;-22,6751;-43,8172
14001546;-23,429243;-46,411738
14001547;0;0
14001548;0;0
14001549;-23,40984;-46,343337
14001550;-23,408335;-46,338528
14001551;0;0
14001552;-23,442117;-46,442033
14001553;0;0
14001554;0;0
14001555;-23,40822;-46,338408
14001556;0;0
14001557;0;0
14001558;-23,05991;-45,620668
14001559;0;0
14001560;-23,06005;-45,620974
14001561;-23,32459;-46,12191
14001562;-22,750027;-45,10561
14001563;-23,24575;-45,929313
14001564;-23,25345;-45,94124
14001565;0;0
14001566;0;0
14001567;0;0
14001568;-23,243948;-45,926667
14001569;-23,409717;-46,342972
14001570;-23,429129;-46,411514
14001571;0;0
14001572;-22,93082;-45,36123
14001573;-22,750154;-45,105575
14001574;-23,5043;-46,568668
14001575;0;0
14001576;-23,401839;-46,312192
14001577;0;0
14001578;0;0
14001579;0;0
14001580;0;0
14001581;0;0
14001582;-22,666576;-43,850246
14001583;0;0
14001584;0;0
14001585;0;0
14001586;0;0
14001587;-23,32198;-46,1117
14001588;0;0
14001589;0;0
14001590;0;0
14001591;-23,401425;-46,311223
14001592;0;0
14001593;-23,407739;-46,337806
14001594;0;0
14001595;0;0
14001596;0;0
14001597;-23,390596;-46,279222
14001598;0;0
14001599;-23,402211;-46,330142
14001600;-23,364313;-46,224758
14001601;0;0
14001602;-23,402166;-46,329483
14001603;0;0
14001604;0;0
14001605;-22,665352;-43,878857
14001606;-23,060409;-45,622037
14001607;0;0
14001608;0;0
14001609;0;0
14001610;0;0
14001611;0;0
14001612;-23,401834;-46,312209
14001613;0;0
14001614;-23,059433;-45,61999
14001615;-23,402728;-46,327564
14001616;0;0
14001617;0;0
14001618;-23,401028;-46,306881
14001619;-23,442418;-46,441662
14001620;0;0
14001621;0;0
14001622;0;0
14001623;0;0
14001624;-23,402547;-46,328314
14001625;-22,665156;-43,876966
14001626;0;0
14001627;0;0
14001628;-22,678955;-43,813959
14001629;0;0
14001630;0;0
14001631;0;0
14001632;-22,93113;-45,36219
14001633;-23,403756;-46,328486
14001634;0;0
14001635;0;0
14001636;-22,558496;-44,125029
14001637;-22,930436;-45,360402
14001638;0;0
14001639;-22,678478;-43,813577
14001640;-23,402573;-46,328312
14001641;-23,40216;-46,329503
14001642;-23,403287;-46,328029
14001643;-22,891765;-45,291289
14001644;0;0
14001645;0;0
14001646;-23,254168;-45,942164
14001647;-22,666843;-43,841677
14001648;0;0
14001649;-23,364415;-46,224954
14001650;0;0
14001651;-23,401074;-46,307133
14001652;-22,93073;-45,360988
14001653;-22,667121;-43,843082
14001654;-22,666817;-43,841232
14001655;-23,272133;-45,969791
14001656;0;0
14001657;-23,390468;-46,278964
14001658;-22,678327;-43,81333
14001659;-23,272444;-45,970267
14001660;-22,666583;-43,850254
14001661;-22,93082;-45,36123
14001662;-22,678598;-43,813722
14001663;0;0
14001664;0;0
14001665;0;0
14001666;0;0
14001667;0;0
14001668;0;0
14001669;-23,32452;-46,12165
14001670;-23,402744;-46,327809
14001671;-23,304785;-46,033178
14001672;-23,059598;-45,620182
14001673;0;0
14001674;-22,6665;-43,850101
14001675;0;0
14001676;-23,402164;-46,329801
14001677;0;0
14001678;0;0
14001679;-23,243948;-45,926667
14001680;-22,892039;-45,291699
14001681;-23,402725;-46,328083
14001682;-22,93082;-45,36123
14001683;-23,242554;-45,924847
14001684;-23,272448;-45,970231
14001685;0;0
14001686;-23,271999;-45,9701
14001687;-23,243132;-45,925347
14001688;-23,402195;-46,330145
14001689;-22,749934;-45,105362
14001690;-23,272281;-45,970018
14001691;0;0
14001692;0;0
14001693;-23,428765;-46,410641
14001694;0;0
14001695;-22,45708;-44,41181
14001696;0;0
14001697;-23,242743;-45,92501
14001698;-23,402234;-46,330439
14001699;-23,401065;-46,307125
14001700;-22,92967;-45,36059
14001701;-23,404149;-46,33003
14001702;-22,93131;-45,36265
14001703;-22,93073;-45,360988
14001704;-23,106292;-45,69725
14001705;-23,245757;-45,928942
14001706;-23,304815;-46,033279
14001707;-23,272118;-45,969776
14001708;-23,2965;-46,00652
14001709;0;0
14001710;-23,30443;-46,033306
14001711;0;0
14001712;0;0
14001713;-23,401379;-46,310902
14001714;-22,93082;-45,36123
14001715;-22,750031;-45,105604
14001716;0;0
14001717;-22,665467;-43,88095
14001718;-23,253743;-45,941779
14001719;0;0
14001720;-23,254245;-45,942648
14001721;-22,528864;-44,74391
14001722;-23,25358;-45,941509
14001723;-23,254168;-45,942164
14001724;-23,255541;-45,944369
14001725;-23,243948;-45,926667
14001726;-23,253799;-45,941526
14001727;0;0
14001728;-23,244158;-45,926788
14001729;-23,243643;-45,926332
14001730;-23,253868;-45,941887
14001731;0;0
14001732;-23,25358;-45,941509
14001733;0;0
14001734;0;0
14001735;-23,504368;-46,568743
14001736;0;0
14001737;-23,245757;-45,928942
14001738;-22,749928;-45,105376
14001739;0;0
14001740;0;0
14001741;0;0
14001742;-22,489056;-44,55455
14001743;-22,456114;-44,398697
14001744;0;0
14001745;-22,750038;-45,105618
14001746;-23,243948;-45,926667
14001747;0;0
14001748;-23,243948;-45,926667
14001749;0;0
14001750;-22,489053;-44,555019
14001751;-22,516388;-44,704246
14001752;0;0
14001753;0;0
14001754;-22,529506;-44,745643
14001755;-22,749941;-45,105381
14001756;-22,457153;-44,412106
14001757;0;0
14001758;-23,242882;-45,925593
14001759;-22,457036;-44,410581
14001760;-22,492186;-44,563812
14001761;-23,242953;-45,9255
14001762;0;0
14001763;-23,243617;-45,9262
14001764;-22,750152;-45,105574
14001765;0;0
14001766;-23,244928;-45,928088
14001767;0;0
14001768;-23,242667;-45,925072
14001769;-23,2965;-46,00652
14001770;0;0
14001771;-23,242117;-45,924407
14001772;-23,243948;-45,926667
14001773;-22,560663;-44,119438
14001774;-23,32445;-46,12238
14001775;-23,243273;-45,926078
14001776;-22,457448;-44,416975
14001777;-23,253743;-45,941779
14001778;-22,456936;-44,409449
14001779;0;0
14001780;-23,24218;-45,924794
14001781;0;0
14001782;-22,454148;-44,302656
14001783;-22,750802;-45,10543
14001784;0;0
14001785;-22,457064;-44,410878
14001786;-23,502309;-46,564468
14001787;0;0
14001788;0;0
14001789;-23,442143;-46,442022
14001790;-23,243948;-45,926667
14001791;-23,402673;-46,331571
14001792;0;0
14001793;-23,304785;-46,033178
14001794;0;0
14001795;0;0
14001796;-22,929564;-45,36027
14001797;0;0
14001798;-23,243458;-45,926077
14001799;-22,891887;-45,291487
14001800;-23,429569;-46,412655
14001801;-22,95474;-45,4096
14001802;-23,243273;-45,926078
14001803;-22,457109;-44,411192
14001804;-23,501689;-46,565152
14001805;-22,665274;-43,87773
14001806;0;0
14001807;0;0
14001808;-22,692595;-43,782886
14001809;0;0
14001810;-23,24639;-45,930013
14001811;-23,245393;-45,928721
14001812;-22,666851;-43,841253
14001813;0;0
14001814;-22,456037;-44,398724
14001815;-23,468067;-46,508344
14001816;-22,666599;-43,849899
14001817;0;0
14001818;-22,561609;-44,14335
14001819;-23,50163;-46,565076
14001820;-22,892163;-45,291862
14001821;-22,665296;-43,87809
14001822;-23,403556;-46,328188
14001823;-23,02348;-45,53836
14001824;-23,402353;-46,32865
14001825;-22,93082;-45,36123
14001826;-22,931285;-45,36196
14001827;-23,442036;-46,441341
14001828;-23,402683;-46,331578
14001829;-22,750438;-45,10566
14001830;0;0
14001831;-23,403288;-46,328019
14001832;-23,060563;-45,62237
14001833;-22,665204;-43,877338
14001834;0;0
14001835;-22,892033;-45,291699
14001836;-22,750284;-45,106012
14001837;-23,402094;-46,330766
14001838;0;0
14001839;-22,782822;-45,150028
14001840;-23,331761;-46,136278
14001841;-22,665367;-43,87846
14001842;0;0
14001843;0;0
14001844;-23,404155;-46,330045
14001845;0;0
14001846;-23,228295;-45,909402
14001847;0;0
14001848;0;0
14001849;-23,402727;-46,327826
14001850;-23,402357;-46,328613
14001851;0;0
14001852;0;0
14001853;-23,227375;-45,909172
14001854;-22,84365;-45,22509
14001855;-23,059906;-45,620643
14001856;0;0
14001857;-22,930436;-45,360402
14001858;-22,692366;-43,783239
14001859;-23,428957;-46,411072
14001860;-22,780294;-45,147641
14001861;-22,750623;-45,105561
14001862;-22,927313;-45,355603
14001863;-22,558494;-44,125048
14001864;-22,93082;-45,36146
14001865;-23,442457;-46,441587
14001866;0;0
14001867;-23,304461;-46,033398
14001868;0;0
14001869;0;0
14001870;-23,4666;-46,5042
14001871;0;0
14001872;0;0
14001873;-23,403018;-46,332083
14001874;-23,060323;-45,621786
14001875;0;0
14001876;-23,428856;-46,410863
14001877;-23,402724;-46,328109
14001878;0;0
14001879;0;0
14001880;-23,228088;-45,909172
14001881;-22,93094;-45,36168
14001882;0;0
14001883;0;0
14001884;0;0
14001885;-23,225212;-45,906147
14001886;-23,429412;-46,412221
14001887;-23,106321;-45,69726
14001888;-22,892153;-45,291871
14001889;0;0
14001890;-23,407582;-46,337526
14001891;0;0
14001892;0;0
14001893;0;0
14001894;-23,40212;-46,330793
14001895;0;0
14001896;-23,442296;-46,44185
14001897;0;0
14001898;-23,403759;-46,328471
14001899;-23,429314;-46,411995
14001900;0;0
14001901;0;0
14001902;-23,227873;-45,90893
14001903;-23,227637;-45,909638
14001904;0;0
14001905;0;0
14001906;-23,40218;-46,328868
14001907;0;0
14001908;-23,060148;-45,621275
14001909;-23,403765;-46,328477
14001910;-22,783094;-45,149777
14001911;0;0
14001912;0;0
14001913;0;0
14001914;-23,467725;-46,507239
14001915;-22,667238;-43,842919
14001916;-23,227475;-45,909402
14001917;-23,404144;-46,330014
14001918;-23,402346;-46,331522
14001919;-23,39066;-46,279417
14001920;0;0
14001921;-23,042825;-45,576821
14001922;-23,324267;-46,122001
14001923;-23,403291;-46,332091
14001924;-22,95716;-45,41382
14001925;-23,403016;-46,332095
14001926;-23,2285;-45,909698
14001927;-22,843754;-45,225168
14001928;0;0
14001929;0;0
14001930;0;0
14001931;-23,502309;-46,564468
14001932;0;0
14001933;-23,304872;-46,033489
14001934;-23,02348;-45,53836
14001935;-23,402246;-46,33044
14001936;0;0
14001937;0;0
14001938;-23,401355;-46,310666
14001939;0;0
14001940;-22,666858;-43,84168
14001941;0;0
14001942;0;0
14001943;-23,403751;-46,328489
14001944;-23,32459;-46,12191
14001945;-23,40253;-46,33061
14001946;-23,50422;-46,56853
14001947;-23,402743;-46,327815
14001948;-23,304461;-46,033398
14001949;0;0
14001950;0;0
14001951;0;0
14001952;0;0
14001953;-23,402175;-46,329791
14001954;-23,304708;-46,033559
14001955;-22,931402;-45,362304
14001956;-23,324267;-46,122001
14001957;-23,304815;-46,033279
14001958;0;0
14001959;-23,401485;-46,311483
14001960;-23,402734;-46,327573
14001961;-23,240056;-45,922451
14001962;-23,249103;-45,933508
14001963;0;0
14001964;0;0
14001965;0;0
14001966;0;0
14001967;0;0
14001968;0;0
14001969;-23,226373;-45,907388
14001970;-23,240056;-45,922451
14001971;-23,240056;-45,922451
14001972;-23,243948;-45,926667
14001973;-23,226373;-45,907388
14001974;-23,248959;-45,933299
14001975;0;0
14001976;0;0
14001977;-23,225804;-45,906756
14001978;0;0
14001979;0;0
14001980;-23,240056;-45,922451
14001981;-23,225825;-45,906776
14001982;-23,498143;-46,560192
14001983;-23,249103;-45,933508
14001984;-23,240012;-45,922282
14001985;-23,226886;-45,90791
14001986;-23,498633;-46,560485
14001987;-23,234772;-45,916412
14001988;-23,225804;-45,906756
14001989;-23,24639;-45,930013
14001990;-23,240012;-45,922282
14001991;-23,231767;-45,913136
14001992;-23,259851;-45,949202
14001993;-23,234772;-45,916412
14001994;-23,231767;-45,913136
14001995;-23,240056;-45,922451
14001996;-23,226886;-45,90791
14001997;-23,240056;-45,922451
14001998;-23,225978;-45,906903
14001999;-23,498636;-46,560526
14002000;-23,225825;-45,906776
14002001;-23,250208;-45,936454
14002002;-23,250278;-45,9367
14002003;-23,255541;-45,944385
14002004;-23,253418;-45,940679
14002005;-23,250278;-45,9367
14002006;-23,253418;-45,940679
14002007;-23,252437;-45,939657
14002008;-23,235182;-45,916958
14002009;-23,253418;-45,940679
14002010;-23,245878;-45,928486
14002011;-23,255541;-45,944369
14002012;-23,250278;-45,9367
14002013;-23,220753;-45,901511
14002014;-23,252437;-45,939657
14002015;-23,255544;-45,944375
14002016;-23,255541;-45,944369
14002017;-23,417868;-46,377975
14002018;-23,220753;-45,901511
14002019;0;0
14002020;-23,253418;-45,940679
14002021;-23,253418;-45,940679
14002022;-23,245878;-45,928486
14002023;-23,252437;-45,939657
14002024;-23,235182;-45,916958
14002025;-23,247188;-45,931468
14002026;0;0
14002027;-23,235206;-45,916943
14002028;-23,252437;-45,939657
14002029;-23,253418;-45,940679
14002030;-23,253418;-45,940679
14002031;-23,254645;-45,94299
14002032;-23,243828;-45,925711
14002033;-23,250208;-45,936454
14002034;-23,23521;-45,916942
14002035;-23,253418;-45,940679
14002036;-23,472136;-46,519231
14002037;-23,220753;-45,901511
14002038;-23,255541;-45,944386
14002039;-23,245796;-45,928465
14002040;-23,243855;-45,925709
14002041;-23,250208;-45,936454
14002042;-23,236353;-45,918189
14002043;-23,248027;-45,932686
14002044;-23,235211;-45,91695
14002045;-23,252437;-45,939657
14002046;-23,255493;-45,944279
14002047;-23,253418;-45,940679
14002048;-23,243828;-45,925711
14002049;-23,236361;-45,918241
14002050;-23,252437;-45,939657
14002051;-23,24386;-45,92571
14002052;-23,253418;-45,940679
14002053;-23,252437;-45,939657
14002054;-23,243855;-45,925709
14002055;-23,253418;-45,940679
14002056;-23,250278;-45,9367
14002057;-23,220753;-45,901511
14002058;0;0
14002059;0;0
14002060;-23,250208;-45,936454
14002061;-23,252437;-45,939657
14002062;-23,252437;-45,939657
14002063;-23,252437;-45,939657
14002064;-23,236361;-45,918241
14002065;-23,23521;-45,91695
14002066;-23,253418;-45,940679
14002067;-23,243828;-45,925711
14002068;0;0
14002069;-23,245854;-45,928475
14002070;-23,256114;-45,945293
14002071;-23,255541;-45,944371
14002072;-23,253418;-45,940679
14002073;-23,248527;-45,933564
14002074;-23,250208;-45,936454
14002075;-23,220753;-45,901511
14002076;-23,248527;-45,933564
14002077;-23,250278;-45,9367
14002078;-23,247188;-45,931468
14002079;-23,253418;-45,940679
14002080;-23,253418;-45,940679
14002081;-23,248527;-45,933564
14002082;-23,254641;-45,942982
14002083;0;0
14002084;-23,444224;-46,447131
14002085;-23,243828;-45,925711
14002086;-23,23636;-45,918241
14002087;-23,250208;-45,936454
14002088;-23,253418;-45,940679
14002089;-23,253418;-45,940679
14002090;-23,252437;-45,939657
14002091;-23,220753;-45,901511
14002092;-23,248027;-45,932686
14002093;-23,247188;-45,931468
14002094;-23,245796;-45,928465
14002095;-23,248527;-45,933564
14002096;-23,250278;-45,9367
14002097;-23,245851;-45,928475
14002098;-23,253418;-45,940679
14002099;-23,24386;-45,92571
14002100;-23,245878;-45,928486
14002101;-23,250208;-45,936454
14002102;0;0
14002103;-23,23636;-45,918241
14002104;0;0
14002105;-23,248027;-45,932686
14002106;-23,235206;-45,916943
14002107;-23,243864;-45,925713
14002108;-23,253418;-45,940679
14002109;-23,248027;-45,932686
14002110;0;0
14002111;-23,221901;-45,902401
14002112;-23,243842;-45,925701
14002113;-23,243828;-45,925711
14002114;-23,250278;-45,9367
14002115;0;0
14002116;0;0
14002117;-23,245854;-45,928475
14002118;-23,220753;-45,901511
14002119;-23,252437;-45,939657
14002120;-23,255553;-45,944378
14002121;-23,246588;-45,9305
14002122;0;0
14002123;-23,245869;-45,928492
14002124;-23,246224;-45,929024
14002125;-23,250208;-45,936454
14002126;-23,250278;-45,9367
14002127;-23,43783;-46,432604
14002128;-23,248027;-45,932686
14002129;-23,254647;-45,942999
14002130;-23,250278;-45,9367
14002131;-23,253418;-45,940679
14002132;-23,235206;-45,916943
14002133;-23,253418;-45,940679
14002134;-23,252437;-45,939657
14002135;-23,23521;-45,916942
14002136;0;0
14002137;-23,243842;-45,925701
14002138;-23,255539;-45,944371
14002139;-23,245858;-45,928497
14002140;-23,252437;-45,939657
14002141;-23,252437;-45,939657
14002142;-23,222606;-45,903389
14002143;-23,4436;-46,446143
14002144;-23,4431;-46,445301
14002145;-23,4548;-46,475498
14002146;-23,248527;-45,933564
14002147;-23,417565;-46,37684
14002148;-23,252437;-45,939657
14002149;0;0
14002150;-23,222978;-45,904054
14002151;0;0
14002152;-23,254645;-45,942996
14002153;-23,235211;-45,91695
14002154;-23,220753;-45,901511
14002155;0;0
14002156;-23,222898;-45,903811
14002157;-23,493014;-46,552661
14002158;-23,252437;-45,939657
14002159;-23,252437;-45,939657
14002160;-23,220753;-45,901511
14002161;-23,417212;-46,375101
14002162;-23,222601;-45,91
14002163;0;0
14002164;-46,432098;-46,432098
14002165;0;0
14002166;-23,252437;-45,939657
14002167;-23,222978;-45,904054
14002168;-23,252437;-45,939657
14002169;0;0
14002170;0;0
14002171;-23,417795;-46,377691
14002172;-23,250208;-45,936454
14002173;-23,251327;-45,9378
14002174;-46,4398;-46,4398
14002175;0;0
14002176;0;0
14002177;-23,4557;-46,4757
14002178;-23,252437;-45,939657
14002179;-23,248527;-45,933564
14002180;-23,426323;-46,404519
14002181;-23,247188;-45,931468
14002182;0;0
14002183;-23,250208;-45,936454
14002184;-23,222978;-45,904054
14002185;0;0
14002186;-23,416098;-46,371752
14002187;-23,251327;-45,9378
14002188;-23,44425;-46,446799
14002189;-23,245858;-45,928501
14002190;-23,245878;-45,928486
14002191;0;0
14002192;0;0
14002193;-23,250208;-45,936454
14002194;0;0
14002195;0;0
14002196;0;0
14002197;-23,248027;-45,932686
14002198;0;0
14002199;-23,253418;-45,940679
14002200;-23,222606;-45,903389
14002201;-23,246588;-45,9305
14002202;-23,250208;-45,936454
14002203;-23,248027;-45,932686
14002204;-23,417642;-46,377124
14002205;-23,252437;-45,939657
14002206;-23,252437;-45,939657
14002207;-23,457408;-46,479736
14002208;-23,253418;-45,940679
14002209;-23,416266;-46,372337
14002210;-23,454375;-46,472486
14002211;-23,250278;-45,9367
14002212;-23,443501;-46,446201
14002213;-23,252437;-45,939657
14002214;-23,248527;-45,933564
14002215;0;0
14002216;-23,252437;-45,939657
14002217;-23,417442;-46,375944
14002218;-23,248527;-45,933564
14002219;0;0
14002220;-23,222606;-45,903389
14002221;0;0
14002222;-23,222678;-45,903664
14002223;0;0
14002224;-23,220753;-45,901511
14002225;-23,248527;-45,933564
14002226;0;0
14002227;0;0
14002228;-23,443976;-46,446553
14002229;-23,248527;-45,933564
14002230;-23,4559;-46,475899
14002231;0;0
14002232;-23,252437;-45,939657
14002233;-23,250208;-45,936454
14002234;-23,248027;-45,932686
14002235;-23,253418;-45,940679
14002236;0;0
14002237;-23,248527;-45,933564
14002238;-23,222978;-45,904054
14002239;-23,253418;-45,940679
14002240;-23,253418;-45,940679
14002241;0;0
14002242;-23,2536;-45,9407
14002243;-23,220753;-45,901511
14002244;-23,250208;-45,936454
14002245;0;0
14002246;0;0
14002247;-23,4186;-46,375
14002248;-23,454375;-46,472486
14002249;-23,250208;-45,936454
14002250;-23,248527;-45,933564
14002251;0;0
14002252;-23,223801;-45,904999
14002253;0;0
14002254;0;0
14002255;-23,248527;-45,933564
14002256;0;0
14002257;0;0
14002258;-23,417718;-46,377408
14002259;-23,220753;-45,901511
14002260;0;0
14002261;0;0
14002262;-23,44126;-46,440291
14002263;0;0
14002264;-23,248527;-45,933564
14002265;-23,220753;-45,901511
14002266;-23,417601;-46,375999
14002267;-23,417;-46,375801
14002268;-23,4431;-46,4454
14002269;-23,222978;-45,904054
14002270;-23,247188;-45,931468
14002271;-23,4554;-46,4758
14002272;-23,248027;-45,932686
14002273;-23,247188;-45,931468
14002274;-23,248527;-45,933564
14002275;-23,222606;-45,903389
14002276;-23,247188;-45,931468
14002277;-23,223499;-45,9049
14002278;-23,248027;-45,932686
14002279;0;0
14002280;0;0
14002281;0;0
14002282;-23,454267;-46,472233
14002283;-23,417489;-46,376557
14002284;-23,253418;-45,940679
14002285;-23,250208;-45,936454
14002286;0;0
14002287;-23,417601;-46,376598
14002288;-23,222;-45,902599
14002289;-23,455631;-46,475503
14002290;-23,4142;-46,363098
14002291;-23,247188;-45,931468
14002292;-23,427124;-46,40633
14002293;0;0
14002294;-23,222898;-45,903811
14002295;-23,220753;-45,901511
14002296;0;0
14002297;-23,456078;-46,476558
14002298;-23,25815;-45,948263
14002299;-23,243937;-45,925653
14002300;-23,4554;-46,474899
14002301;-23,222978;-45,904054
14002302;0;0
14002303;0;0
14002304;-23,4554;-46,474944
14002305;-23,244786;-45,926672
14002306;0;0
14002307;-23,455514;-46,475225
14002308;-23,4562;-46,476398
14002309;-23,244787;-45,926675
14002310;-23,455514;-46,475225
14002311;-23,244786;-45,926672
14002312;-23,243933;-45,925646
14002313;0;0
14002314;0;0
14002315;0;0
14002316;-23,455299;-46,474701
14002317;-23,426757;-46,406553
14002318;-23,455281;-46,474669
14002319;0;0
14002320;0;0
14002321;0;0
14002322;0;0
14002323;0;0
14002324;0;0
14002325;0;0
14002326;0;0
14002327;0;0
14002328;0;0
14002329;0;0
14002330;-23,413596;-46,454716
14002331;0;0
14002332;0;0
14002333;-23,2448;-45,926672
14002334;0;0
14002335;0;0
14002336;-23,2584;-45,948399
14002337;-23,466714;-46,50375
14002338;0;0
14002339;0;0
14002340;-23,455999;-46,4762
14002341;-23,258474;-45,949183
14002342;-23,25847;-45,949185
14002343;0;0
14002344;-23,246511;-45,930201
14002345;-23,243924;-45,925654
14002346;0;0
14002347;0;0
14002348;0;0
14002349;-23,522145;-46,585363
14002350;0;0
14002351;0;0
14002352;-23,243929;-45,925664
14002353;-23,472553;-46,52
14002354;-23,477403;-46,528136
14002355;-23,521928;-46,585183
14002356;-23,501692;-46,559681
14002357;0;0
14002358;-23,244786;-45,926672
14002359;-23,510139;-46,573622
14002360;-23,504075;-46,568361
14002361;-23,522145;-46,585363
14002362;-23,509931;-46,573428
14002363;-23,258402;-45,948951
14002364;-23,502203;-46,565811
14002365;-23,243926;-45,925653
14002366;-23,522484;-46,585875
14002367;-23,466608;-46,503467
14002368;-23,258145;-45,948285
14002369;-23,466608;-46,503467
14002370;-23,244791;-45,926675
14002371;0;0
14002372;-23,258506;-45,949116
14002373;-23,521837;-46,585317
14002374;-23,525172;-46,587472
14002375;-23,522282;-46,585709
14002376;0;0
14002377;-23,466922;-46,504311
14002378;-23,258164;-45,948274
14002379;-23,230931;-45,91178
14002380;-23,258387;-45,948947
14002381;-23,525411;-46,587672
14002382;-23,243948;-45,92567
14002383;-23,477403;-46,528136
14002384;-23,222678;-45,903664
14002385;-23,458419;-46,48215
14002386;0;0
14002387;-23,474208;-46,522689
14002388;-23,474208;-46,522689
14002389;-23,4739;-46,5222
14002390;-23,4739;-46,5222
14002391;0;0
14002392;-23,24394;-45,925654
14002393;-23,244777;-45,926666
14002394;-23,466817;-46,504022
14002395;-23,222978;-45,904054
14002396;-23,258489;-45,949187
14002397;-23,467025;-46,5046
14002398;-23,466922;-46,504311
14002399;-23,472553;-46,52
14002400;-23,476165;-46,525209
14002401;0;0
14002402;-23,476165;-46,525209
14002403;-23,474361;-46,522925
14002404;-23,474361;-46,522925
14002405;-23,475867;-46,525367
14002406;0;0
14002407;-23,457408;-46,479736
14002408;-23,47405;-46,522433
14002409;0;0
14002410;0;0
14002411;-23,46952;-46,51231
14002412;-23,472975;-46,520739
14002413;0;0
14002414;-23,472975;-46,520739
14002415;-23,457972;-46,481069
14002416;0;0
14002417;-23,466817;-46,504022
14002418;-23,509931;-46,573428
14002419;-23,458192;-46,481606
14002420;-23,473758;-46,521967
14002421;-23,473758;-46,521967
14002422;0;0
14002423;0;0
14002424;0;0
14002425;-23,458401;-46,4823
14002426;-23,459;-46,482498
14002427;0;0
14002428;-23,473431;-46,521478
14002429;-23,473431;-46,521478
14002430;-23,46977;-46,51218
14002431;-23,475544;-46,52595
14002432;-23,473289;-46,521239
14002433;-23,473289;-46,521239
14002434;-23,457642;-46,480292
14002435;-23,457972;-46,481069
14002436;-23,457297;-46,479464
14002437;-23,457642;-46,480292
14002438;-23,472828;-46,520492
14002439;-23,458599;-46,481998
14002440;-23,472828;-46,520492
14002441;-23,458931;-46,482725
14002442;-23,457192;-46,4792
14002443;-23,472408;-46,519739
14002444;0;0
14002445;-23,46984;-46,51244
14002446;-23,46977;-46,51218
14002447;-23,475544;-46,52595
14002448;-23,457192;-46,4792
14002449;-23,475853;-46,525481
14002450;-23,46912;-46,51271
14002451;0;0
14002452;-23,4604;-46,481499
14002453;-23,473594;-46,521708
14002454;-23,473594;-46,521708
14002455;-23,484203;-46,538653
14002456;-23,469082;-46,512492
14002457;-23,458192;-46,481606
14002458;-23,476257;-46,525486
14002459;-23,472408;-46,519739
14002460;-23,475441;-46,52573
14002461;-23,484456;-46,538481
14002462;-23,458747;-46,482933
14002463;-23,472689;-46,520258
14002464;-23,458599;-46,482601
14002465;-23,476257;-46,525486
14002466;-23,473136;-46,520992
14002467;-23,473136;-46,520992
14002468;-23,458722;-46,482217
14002469;-23,472689;-46,520258
14002470;-23,454901;-46,481201
14002471;-23,455133;-46,473711
14002472;-23,457861;-46,480814
14002473;-23,458083;-46,481333
14002474;-23,456125;-46,476086
14002475;-23,456236;-46,476356
14002476;-23,4554;-46,474499
14002477;-23,458644;-46,482678
14002478;-23,455464;-46,474497
14002479;-23,458303;-46,481869
14002480;-23,455601;-46,477501
14002481;-23,4531;-46,476898
14002482;-23,45775;-46,480544
14002483;-23,455601;-46,475101
14002484;-23,45445;-46,472089
14002485;-23,45535;-46,474217
14002486;-23,458083;-46,481333
14002487;-23,4554;-46,4748
14002488;-23,460142;-46,485508
14002489;-23,456125;-46,476086
14002490;-23,458747;-46,482933
14002491;-23,45775;-46,480544
14002492;-23,4555;-46,474998
14002493;-23,45535;-46,474217
14002494;-23,455601;-46,476299
14002495;-23,460052;-46,485218
14002496;-23,45445;-46,472089
14002497;-23,458303;-46,481869
14002498;-23,458856;-46,483186
14002499;-23,455133;-46,473711
14002500;-23,4554;-46,4748
14000001;-23,248858;-45,933865
18000001;-22,487208;-44,549601
18000002;-22,929192;-45,359155
18000003;-22,930142;-45,360005
18000004;-22,488577;-44,551423
18000005;-22,486993;-44,549279
18000006;-22,486116;-44,547876
18000007;-22,833512;-45,217503
18000008;-22,487683;-44,550124
18000009;0;0
18000010;-22,487092;-44,549452
18000011;-22,486662;-44,548741
18000012;-22,95702;-45,41366
18000013;-22,903624;-45,309848
18000014;-22,488916;-44,550423
18000015;-22,486892;-44,549088
18000016;-22,488912;-44,550418
18000017;-22,983091;-45,464728
18000018;-23,450862;-46,463646
18000019;-22,467594;-44,50398
18000020;-22,486049;-44,547686
18000021;-22,467459;-44,503819
18000022;-22,486801;-44,549009
18000023;-23,420174;-46,387293
18000024;-22,487302;-44,549706
18000025;-22,981323;-45,463678
18000026;-22,903513;-45,307148
18000027;-22,931052;-45,362775
18000028;-22,927585;-45,355018
18000029;-23,420252;-46,387574
18000030;-22,904029;-45,307963
18000031;-22,48748;-44,549997
18000032;-22,903788;-45,307553
18000033;-22,487417;-44,549836
18000034;-22,504681;-44,612719
18000035;-22,467643;-44,504826
18000036;-22,927527;-45,355052
18000037;-22,982729;-45,463333
18000038;-22,46765;-44,504625
18000039;-22,467565;-44,503787
18000040;-22,516481;-44,70405
18000041;-22,485909;-44,547541
18000042;0;0
18000043;-23,45107;-46,464149
18000044;-23,418199;-46,379998
18000045;-22,93113;-45,362309
18000046;-22,983012;-45,464377
18000047;-22,486243;-44,548062
18000048;-23,420405;-46,388136
18000049;-22,487935;-44,550255
18000050;0;0
18000051;0;0
18000052;-23,418085;-46,379235
18000053;-23,451318;-46,464332
18000054;0;0
18000055;-22,9828;-45,4636
18000056;-46,455502;-46,455502
18000057;-23,450058;-46,461789
18000058;-22,929884;-45,359625
18000059;-22,467506;-44,503935
18000060;-46,452202;-46,452202
18000061;-22,929464;-45,359887
18000062;-22,467605;-44,504383
18000063;-22,956653;-45,413832
18000064;-22,930007;-45,359835
18000065;-22,488661;-44,551661
18000066;-23,451095;-46,463797
18000067;-22,486404;-44,548323
18000068;-22,467539;-44,503687
18000069;-23,422646;-46,39475
18000070;-22,927581;-45,355026
18000071;-23,436077;-46,428302
18000072;0;0
18000073;-22,486561;-44,548575
18000074;-22,983186;-45,465086
18000075;-46,4636;-46,4636
18000076;-46,465401;-46,465401
18000077;0;0
18000078;-22,92942;-45,359019
18000079;-22,904516;-45,308614
18000080;-23,450691;-46,462775
18000081;-22,931275;-45,36264
18000082;-23,450915;-46,46331
18000083;-23,450019;-46,461172
18000084;-23,418353;-46,380563
18000085;-23,419627;-46,385329
18000086;-22,904339;-45,308335
18000087;-22,927616;-45,355235
18000088;-23,451206;-46,464065
18000089;-22,982258;-45,463092
18000090;-23,418732;-46,381081
18000091;-46,462799;-46,462799
18000092;-46,461102;-46,461102
18000093;-22,98247;-45,463126
18000094;-23,418043;-46,379437
18000095;-22,929636;-45,359319
18000096;-22,982246;-45,463104
18000097;-23,451653;-46,465132
18000098;-23,418889;-46,382515
18000099;-22,504871;-44,675175
18000100;-22,980556;-45,462218
18000101;-23,41812;-46,379716
18000102;-23,418819;-46,382252
18000103;-22,930976;-45,361937
18000104;-46,4636;-46,4636
18000105;-23,418278;-46,38028
18000106;-23,420327;-46,387855
18000107;-22,504676;-44,612711
18000108;-22,927283;-45,355374
18000109;-23,420014;-46,386734
18000110;-23,023079;-45,537906
18000111;-23,419473;-46,384767
18000112;-22,874001;-45,257041
18000113;-23,450719;-46,463399
18000114;0;0
18000115;0;0
18000116;-23,419782;-46,385892
18000117;0;0
18000118;-23,418742;-46,38197
18000119;-22,980223;-45,461433
18000120;-23,416713;-46,373722
18000121;-22,504716;-44,611927
18000122;-23,451517;-46,465216
18000123;-22,904705;-45,308878
18000124;-22,93093;-45,361709
18000125;-23,419705;-46,385611
18000126;-22,5047;-44,611923
18000127;-22,504684;-44,612903
18000128;-23,432179;-46,419929
18000129;-23,415796;-46,370087
18000130;-23,432161;-46,419332
18000131;-23,416428;-46,372337
18000132;-23,417798;-46,378594
18000133;0;0
18000134;-22,982462;-45,463148
18000135;-23,418432;-46,380845
18000136;-23,415003;-46,36696
18000137;-22,980336;-45,461613
18000138;-23,415956;-46,370645
18000139;0;0
18000140;-22,980346;-45,461944
18000141;-23,427977;-46,409885
18000142;-46,454399;-46,454399
18000143;-23,4289;-46,412102
18000144;-23,429872;-46,414722
18000145;-23,415653;-46,369513
18000146;-23,429648;-46,413513
18000147;-23,415715;-46,369792
18000148;-22,857928;-45,233028
18000149;-23,429119;-46,412365
18000150;-46,448898;-46,448898
18000151;-22,504691;-44,612913
18000152;-23,452768;-46,467943
18000153;-22,504699;-44,611928
18000154;-22,929521;-45,360117
18000155;-23,416516;-46,372604
18000156;-23,416601;-46,372871
18000157;-22,930828;-45,362461
18000158;-46,4547;-46,4547
18000159;-23,429552;-46,41391
18000160;-23,029062;-45,546123
18000161;-22,873779;-45,257054
18000162;-23,023199;-45,538101
18000163;-22,504699;-44,612121
18000164;-23,416743;-46,373454
18000165;-23,4167;-46,372002
18000166;-23,431629;-46,41868
18000167;-22,504693;-44,612907
18000168;-22,504703;-44,611936
18000169;-22,504691;-44,612318
18000170;-23,435957;-46,428033
18000171;-23,179415;-45,841395
18000172;-22,857717;-45,232868
18000173;-23,431292;-46,417879
18000174;-23,419395;-46,384486
18000175;0;0
18000176;0;0
18000177;-23,45023;-46,463028
18000178;-23,449914;-46,461549
18000179;-22,873783;-45,257085
18000180;0;0
18000181;-22,504685;-44,612518
18000182;-23,450355;-46,461975
18000183;-23,416946;-46,374569
18000184;-23,431754;-46,41894
18000185;-22,504681;-44,612883
18000186;0;0
18000187;-23,274217;-45,973683
18000188;0;0
18000189;-23,417419;-46,376527
18000190;-22,927361;-45,355554
18000191;-23,44856;-46,457698
18000192;-22,516704;-44,704475
18000193;-22,927295;-45,355644
18000194;-22,927282;-45,35563
18000195;-23,448904;-46,458495
18000196;-22,516557;-44,70425
18000197;-23,432485;-46,420105
18000198;-22,488862;-44,552339
18000199;-22,504682;-44,612516
18000200;-22,504688;-44,612706
18000201;-22,50469;-44,612504
18000202;-22,504689;-44,612124
18000203;-22,930461;-45,361978
18000204;0;0
18000205;-23,431311;-46,417533
18000206;0;0
18000207;0;0
18000208;-23,416828;-46,373732
18000209;-22,874012;-45,256988
18000210;-23,278;-45,979301
18000211;-22,46748;-44,50319
18000212;-23,45342;-46,470726
18000213;-23,279547;-45,981867
18000214;-22,488536;-44,551054
18000215;-23,30164;-46,024082
18000216;-22,457747;-44,416567
18000217;-23,278601;-45,9813
18000218;0;0
18000219;-23,449465;-46,460481
18000220;-22,449488;-44,31797
18000221;-22,45039;-44,328084
18000222;-22,459512;-44,436573
18000223;-23,418971;-46,382786
18000224;-22,504692;-44,612317
18000225;0;0
18000226;-23,279567;-45,981883
18000227;-22,459474;-44,436019
18000228;-22,630101;-43,910189
18000229;-23,4137;-46,361099
18000230;-22,449532;-44,317258
18000231;-22,630774;-43,909182
18000232;-23,415246;-46,368102
18000233;-23,403532;-46,332118
18000234;-22,630546;-43,909531
18000235;-23,426527;-46,40503
18000236;-22,667384;-43,851356
18000237;-23,4541;-46,4538
18000238;-23,431517;-46,418413
18000239;-22,630423;-43,909759
18000240;-23,431086;-46,416999
18000241;-22,489752;-44,555959
18000242;-22,45764;-44,415983
18000243;-23,4454;-46,450401
18000244;-22,489627;-44,554899
18000245;-23,42347;-46,39753
18000246;-23,278459;-45,980033
18000247;-23,432597;-46,420372
18000248;0;0
18000249;-23,450395;-46,46259
18000250;-23,279378;-45,981603
18000251;-22,467478;-44,503055
18000252;-22,450221;-44,327721
18000253;0;0
18000254;-46,4517;-46,4517
18000255;-23,420097;-46,387012
18000256;-23,428596;-46,411251
18000257;-46,4688;-46,4688
18000258;0;0
18000259;-23,207351;-45,887232
18000260;0;0
18000261;-23,416119;-46,371207
18000262;-23,444799;-46,450401
18000263;-22,504702;-44,612312
18000264;0;0
18000265;-23,416979;-46,374297
18000266;-23,429762;-46,414453
18000267;-22,98048;-45,462027
18000268;-22,504688;-44,612124
18000269;-23,431404;-46,418146
18000270;-22,48812;-44,550532
18000271;-22,504709;-44,612326
18000272;-23,450329;-46,462657
18000273;-23,453548;-46,471566
18000274;-23,427496;-46,408961
18000275;0;0
18000276;-23,430489;-46,416005
18000277;-23,430973;-46,416733
18000278;-23,416355;-46,372075
18000279;0;0
18000280;-23,440669;-46,440638
18000281;-22,504601;-44,611698
18000282;-23,416906;-46,374013
18000283;-23,406103;-46,336111
18000284;0;0
18000285;-22,633351;-43,905198
18000286;-22,62979;-43,910567
18000287;-23,42418;-46,400709
18000288;-22,629621;-43,910726
18000289;-22,630817;-43,908848
18000290;-22,504696;-44,61155
18000291;-23,424079;-46,400434
18000292;-22,666412;-43,850349
18000293;-23,429265;-46,41278
18000294;-23,433992;-46,4242
18000295;-22,449538;-44,316941
18000296;-23,4312;-46,417265
18000297;-22,504713;-44,611733
18000298;-22,504678;-44,612703
18000299;-22,489617;-44,554675
18000300;0;0
18000301;-23,429223;-46,413109
18000302;-23,453083;-46,469922
18000303;-22,630903;-43,908947
18000304;-23,185901;-45,853552
18000305;-23,440726;-46,440835
18000306;-22,630734;-43,909241
18000307;-23,453196;-46,47019
18000308;-22,488977;-44,552571
18000309;-23,419244;-46,383922
18000310;-22,631232;-43,908119
18000311;-23,428092;-46,410128
18000312;-23,403506;-46,332126
18000313;-23,416654;-46,373182
18000314;-22,488766;-44,552107
18000315;0;0
18000316;-22,504686;-44,611401
18000317;-22,634638;-43,903032
18000318;-23,423885;-46,399887
18000319;-23,42848;-46,411021
18000320;-23,428289;-46,410568
18000321;-23,414893;-46,366345
18000322;-23,428903;-46,411921
18000323;-22,687011;-43,810161
18000324;-46,4524;-46,4524
18000325;-22,555875;-44,173372
18000326;-22,504711;-44,611047
18000327;-23,453308;-46,470459
18000328;-23,4286;-46,411499
18000329;-23,427799;-46,409419
18000330;-22,495522;-44,570765
18000331;-22,450043;-44,327392
18000332;-23,446199;-46,452202
18000333;-23,27864;-45,980647
18000334;-22,45776;-44,417117
18000335;-23,440931;-46,441542
18000336;-23,429189;-46,412579
18000337;-22,489507;-44,553652
18000338;-22,488534;-44,550764
18000339;-23,219907;-45,899757
18000340;-23,4286;-46,411701
18000341;-46,453499;-46,453499
18000342;-22,494712;-44,568523
18000343;-22,467475;-44,503065
18000344;-23,403557;-46,332096
18000345;-23,415873;-46,370365
18000346;-22,488911;-44,550381
18000347;-22,489733;-44,556488
18000348;-23,428425;-46,41083
18000349;-23,449252;-46,459933
18000350;-22,494401;-44,568009
18000351;-22,487743;-44,550685
18000352;-23,4461;-46,452499
18000353;-23,40623;-46,336032
18000354;-22,488755;-44,551879
18000355;0;0
18000356;-22,489709;-44,555592
18000357;-22,494238;-44,567627
18000358;-22,488355;-44,550563
18000359;-23,452972;-46,469655
18000360;-23,415576;-46,369221
18000361;-23,440845;-46,438887
18000362;0;0
18000363;-23,415343;-46,368389
18000364;-22,628788;-43,911269
18000365;0;0
18000366;-23,415186;-46,36781
18000367;-22,492473;-44,56325
18000368;-22,457655;-44,41627
18000369;-22,504499;-44,6115
18000370;-23,440909;-46,44026
18000371;-22,504716;-44,610859
18000372;-23,452416;-46,467028
18000373;-22,504718;-44,610862
18000374;-23,415503;-46,368944
18000375;-23,440879;-46,441312
18000376;-22,537149;-44,194917
18000377;-22,504716;-44,61067
18000378;-22,495407;-44,57028
18000379;-22,599642;-43,946906
18000380;-22,628826;-43,911278
18000381;-22,504714;-44,611224
18000382;-22,630651;-43,90941
18000383;-22,633552;-43,904933
18000384;0;0
18000385;-22,630197;-43,910023
18000386;-22,666211;-43,850158
18000387;-22,599612;-43,946846
18000388;-23,452861;-46,469387
18000389;-22,50472;-44,610648
18000390;-22,634328;-43,903416
18000391;-22,504713;-44,611194
18000392;-22,742505;-45,093342
18000393;-22,504689;-44,611559
18000394;-22,495712;-44,571484
18000395;-23,431896;-46,419193
18000396;-22,449593;-44,316375
18000397;-22,4896;-44,554393
18000398;-22,504726;-44,610652
18000399;0;0
18000400;-23,17849;-45,84037
18000401;-22,504713;-44,611213
18000402;-22,742644;-45,093504
18000403;-22,504698;-44,611752
18000404;-22,489108;-44,55275
18000405;-23,409374;-46,343249
18000406;-23,414951;-46,36666
18000407;0;0
18000408;-23,428213;-46,410347
18000409;-22,599878;-43,946682
18000410;-22,63031;-43,909762
18000411;-22,50471;-44,610871
18000412;0;0
18000413;-22,489776;-44,556245
18000414;-22,487944;-44,550633
18000415;-22,50471;-44,611561
18000416;-22,489635;-44,555417
18000417;-23,4468;-46,4538
18000418;-22,504719;-44,610878
18000419;-22,489421;-44,553406
18000420;-23,427889;-46,409628
18000421;-23,427786;-46,409191
18000422;-22,449628;-44,31451
18000423;-22,495597;-44,571134
18000424;-23,448009;-46,457009
18000425;-22,504735;-44,61066
18000426;-22,56287;-44,17055
18000427;-22,504709;-44,61104
18000428;-23,528736;-46,588782
18000429;-22,631499;-43,907776
18000430;-22,449606;-44,315243
18000431;-22,504709;-44,611207
18000432;-22,494064;-44,567785
18000433;0;0
18000434;-22,449632;-44,315576
18000435;-22,666998;-43,85093
18000436;-22,632746;-43,90628
18000437;0;0
18000439;-23,449018;-46,459412
18000440;-23,423786;-46,399612
18000441;-23,2789;-45,981201
18000442;-23,278967;-45,981111
18000443;-22,449511;-44,317601
18000444;0;0
18000445;-23,2791;-45,9818
18000446;-22,667229;-43,851174
18000447;-22,457665;-44,415959
18000448;-23,429655;-46,414182
18000449;-22,628835;-43,911265
18000450;-23,440248;-46,43931
18000451;-46,431;-46,431
18000452;-23,301416;-46,022966
18000453;-46,428799;-46,428799
18000454;-23,426572;-46,406945
18000455;-22,667212;-43,851174
18000456;-46,453701;-46,453701
18000457;0;0
18000458;-23,2782;-45,982399
18000459;-22,449892;-44,32698
18000460;-23,279783;-45,982486
18000461;-23,41904;-46,38307
18000462;-23,301577;-46,023718
18000463;0;0
18000464;-23,440603;-46,439445
18000465;-23,279392;-45,981592
18000466;-23,440359;-46,439577
18000467;-23,447896;-46,456738
18000468;0;0
18000469;-22,488195;-44,551374
18000470;-22,488376;-44,551229
18000471;-23,454295;-46,47159
18000472;0;0
18000473;-22,457641;-44,415469
18000474;-23,448226;-46,4569
18000475;-46,455502;-46,455502
18000476;-22,449662;-44,316615
18000477;-23,453563;-46,472089
18000478;-23,4142;-46,363499
18000479;-23,2782;-45,9832
18000480;-23,440462;-46,439191
18000481;-23,448112;-46,456629
18000482;0;0
18000483;-23,4149;-46,368
18000484;0;0
18000485;-23,421617;-46,392622
18000486;-22,457767;-44,416827
18000487;-46,4561;-46,4561
18000488;0;0
18000489;0;0
18000490;-23,301197;-46,023579
18000491;-23,437495;-46,431804
18000492;0;0
18000493;0;0
18000494;-23,413601;-46,361099
18000495;-23,453644;-46,471261
18000496;-23,2792;-45,9813
18000497;-23,453531;-46,470993
18000498;-46,455898;-46,455898
18000499;-23,27817;-45,979848
18000500;-23,278659;-45,981016
18000501;0;0
18000502;-23,279749;-45,982184
18000503;-23,447303;-46,454991
18000504;-22,634776;-43,902814
18000505;-22,504709;-44,611418
18000506;0;0
18000507;-23,437;-46,431999
18000508;-22,504699;-44,611063
18000509;-22,599633;-43,946702
18000510;-22,504712;-44,61142
18000511;0;0
18000512;-23,423342;-46,398225
18000513;-22,504691;-44,611395
18000514;-22,686968;-43,810388
18000515;-22,562662;-44,160484
18000516;-22,504698;-44,611034
18000517;-22,467491;-44,503213
18000518;0;0
18000519;-22,630927;-43,908944
18000520;-22,632301;-43,90708
18000521;-22,629455;-43,91092
18000522;0;0
18000523;-22,633205;-43,905428
18000524;-23,413799;-46,360802
18000525;-22,667394;-43,85136
18000526;-22,45769;-44,416287
18000527;-46,435699;-46,435699
18000528;-23,278561;-45,981196
18000529;-22,63055;-43,909613
18000530;-22,630514;-43,908843
18000531;-22,628824;-43,911276
18000532;-22,495146;-44,570926
18000533;-23,437419;-46,431216
18000534;-22,633753;-43,904632
18000535;-22,665995;-43,850008
18000536;-23,423692;-46,399337
18000537;-22,495464;-44,570487
18000538;-46,4286;-46,4286
18000539;-22,555657;-44,173461
18000540;-23,279732;-45,982189
18000541;-23,43226;-46,419571
18000542;-23,42476;-46,402366
18000543;-22,560293;-44,859726
18000544;-22,555871;-44,173388
18000545;0;0
18000547;-22,555678;-44,173393
18000548;-22,50473;-44,611747
18000549;-22,494142;-44,568096
18000550;-22,449647;-44,316615
18000551;-22,559872;-44,859166
18000553;-22,457644;-44,415658
18000554;-22,666801;-43,850732
18000555;-46,431499;-46,431499
18000556;0;0
18000557;-23,279797;-45,982515
18000558;-22,467566;-44,503671
18000559;-22,467513;-44,503421
18000560;-23,278855;-45,980547
18000561;-46,4296;-46,4296
18000562;-23,434027;-46,423166
18000563;-23,301476;-46,023351
18000564;-46,431;-46,431
18000565;-23,432068;-46,419661
18000566;-23,418904;-46,38164
18000567;-22,459477;-44,436296
18000568;-22,667003;-43,850889
18000569;-23,2785;-45,9804
18000570;-22,630438;-43,909777
18000571;-22,459435;-44,43602
18000572;-22,630658;-43,909429
18000573;-23,414;-46,362099
18000574;-23,42428;-46,400977
18000575;-22,450556;-44,328403
18000576;-22,62992;-43,910372
18000577;-23,279212;-45,981334
18000578;-23,452527;-46,467623
18000579;-22,560098;-44,859205
18000580;-23,451628;-46,465483
18000581;-22,635363;-43,902205
18000582;-23,22378;-45,905236
18000583;-23,173042;-45,827915
18000584;-22,459132;-44,436346
18000585;-22,742589;-45,093122
18000586;-23,109936;-45,70345
18000587;-22,560203;-44,859418
18000588;-23,266369;-45,961187
18000589;-23,223854;-45,904916
18000590;-23,148654;-45,779767
18000591;0;0
18000592;-22,56071;-44,860475
18000594;-22,742646;-45,093477
18000595;-23,179215;-45,84156
18000596;-23,422296;-46,39394
18000597;-22,560279;-44,859719
18000598;-22,560603;-44,860307
18000599;-22,630904;-43,908761
18000600;0;0
18000601;-22,742821;-45,093516
18000603;-22,584088;-44,002577
18000604;-23,223714;-45,905167
18000605;-22,742393;-45,093158
18000606;-22,742888;-45,093634
18000607;-23,223645;-45,90509
18000608;-23,178534;-45,840757
18000609;-22,74252;-45,093165
18000610;-23,178884;-45,840437
18000611;-22,560457;-44,860015
18000612;-22,559959;-44,858963
18000613;-22,666588;-43,850554
18000614;-22,55988;-44,859197
18000615;-22,66659;-43,850529
18000616;-22,560607;-44,8603
18000617;-22,634988;-43,902579
18000618;-22,634061;-43,904324
18000619;-22,666183;-43,85018
18000620;-22,632151;-43,907352
18000621;-22,686963;-43,810383
18000622;-22,449627;-44,316293
18000623;-22,467037;-44,503334
18000624;-22,631128;-43,908362
18000625;-22,666787;-43,85072
18000626;-23,223913;-45,904989
18000627;-22,460298;-44,442406
18000628;-22,44962;-44,314865
18000629;-22,760103;-45,118327
18000630;-22,449635;-44,315919
18000631;-22,519653;-44,710081
18000632;-22,562473;-44,160922
18000633;-23,177768;-45,839629
18000634;-23,178707;-45,840562
18000635;-23,42325;-46,397949
18000636;-23,042888;-45,577097
18000637;-23,029092;-45,546128
18000638;-23,148211;-45,779207
18000639;-22,742859;-45,093695
18000640;-23,178678;-45,841532
18000641;-22,822635;-45,192866
18000642;-22,559729;-44,858874
18000643;-22,687023;-43,810166
18000644;-22,495295;-44,571254
18000646;-23,029223;-45,546366
18000647;-22,519024;-44,708688
18000648;-22,559785;-44,859042
18000649;-23,25398;-45,941113
18000650;-23,223719;-45,905176
18000651;-22,631378;-43,908061
18000652;-22,459499;-44,441368
18000653;-23,423058;-46,397399
18000654;-23,197301;-45,876265
18000655;-22,632648;-43,906641
18000656;0;0
18000657;-23,457919;-46,480328
18000658;-23,423154;-46,397677
18000660;-23,1785;-45,840373
18000661;-22,632469;-43,906814
18000662;-22,560235;-44,859557
18000663;-22,563564;-44,169447
18000664;-23,1172;-45,716712
18000665;-23,423429;-46,398501
18000666;-23,423513;-46,398781
18000667;-23,441032;-46,441178
18000668;-22,666023;-43,850013
18000670;-22,46704;-44,50382
18000671;-23,423602;-46,39906
18000672;-22,635195;-43,902396
18000673;-22,467035;-44,503168
18000674;-22,449641;-44,31594
18000675;-22,518593;-44,707857
18000676;-22,559785;-44,859044
18000677;-22,665398;-43,881331
18000678;-22,631045;-43,908579
18000679;-22,560531;-44,860181
18000680;-23,259854;-45,949546
18000681;-22,779277;-45,148458
18000682;-23,207715;-45,887728
18000683;-23,173172;-45,827776
18000684;-23,116899;-45,716229
18000685;-23,178942;-45,841653
18000686;0;0
18000687;-23,149273;-45,780621
18000688;-23,178769;-45,840267
18000689;-23,178764;-45,840266
18000690;-23,042806;-45,576804
18000691;0;0
18000692;-22,745267;-45,097794
18000693;-22,560291;-44,859452
18000694;-22,666414;-43,850291
18000695;-23,177981;-45,840166
18000696;-22,560196;-44,859417
18000697;-23,117084;-45,71653
18000698;-23,029211;-45,54637
18000699;-23,53015;-46,589478
18000700;-23,109765;-45,703192
18000701;-23,452827;-46,468228
18000704;-23,173169;-45,828005
18000705;0;0
18000706;-23,117041;-45,716464
18000707;-23,421786;-46,391648
18000708;-22,55576;-44,172848
18000709;-22,562585;-44,170086
18000710;-22,561661;-44,166907
18000711;-22,459159;-44,436606
18000712;-23,418415;-46,379954
18000713;-23,417019;-46,375762
18000714;-23,179228;-45,841584
18000715;-23,253957;-45,941123
18000716;-22,560438;-44,860021
18000717;-22,779304;-45,148424
18000718;-23,4333;-46,422401
18000719;-23,117154;-45,716676
18000720;-23,452304;-46,46709
18000721;-23,223657;-45,905082
18000722;-23,414101;-46,3615
18000723;-23,029244;-45,546608
18000724;-22,46009;-44,442259
18000725;-23,178933;-45,841622
18000726;-22,760151;-45,118558
18000727;-23,452664;-46,467539
18000728;-22,779745;-45,147919
18000729;-23,451994;-46,465933
18000730;-22,46711;-44,504357
18000731;-23,116912;-45,716218
18000732;-23,45264;-46,467892
18000733;-22,559762;-44,859321
18000734;0;0
18000735;-22,782702;-45,149909
18000736;-23,148481;-45,779067
18000737;-23,16732;-45,816265
18000738;0;0
18000739;-22,555744;-44,172814
18000740;-22,559663;-44,859101
18000741;-22,779744;-45,147939
18000742;-23,453674;-46,471866
18000743;0;0
18000744;-22,45972;-44,44143
18000745;-22,559707;-44,858849
18000746;-22,495345;-44,571352
18000747;-23,274363;-45,973926
18000748;0;0
18000749;0;0
18000750;-23,441581;-46,441869
18000751;-23,179424;-45,841397
18000752;-23,149059;-45,780398
18000753;-22,459499;-44,441382
18000754;-23,110036;-45,703644
18000755;-22,779522;-45,148266
18000756;-22,495515;-44,571616
18000757;-22,495469;-44,571585
18000758;-22,449153;-44,325358
18000759;0;0
18000760;-23,259665;-45,949291
18000761;-23,223771;-45,904961
18000762;-23,214442;-45,894717
18000763;0;0
18000764;-23,4328;-46,421398
18000765;-22,561589;-44,167501
18000766;-23,418508;-46,381128
18000767;-22,459828;-44,4413
18000768;-22,457382;-44,415528
18000769;-22,547988;-44,183022
18000770;0;0
18000771;-22,494268;-44,568704
18000772;-23,274366;-45,973895
18000773;-23,440695;-46,44038
18000774;-22,460341;-44,441075
18000775;0;0
18000776;-22,467046;-44,503121
18000777;0;0
18000778;-23,223712;-45,905021
18000779;-23,148845;-45,780116
18000780;-22,548721;-44,18284
18000781;-22,745223;-45,097814
18000782;-22,760201;-45,11852
18000783;-22,459757;-44,441729
18000784;-22,459882;-44,442023
18000785;-22,467017;-44,503759
18000786;-22,828732;-45,210819
18000787;-22,449287;-44,325657
18000788;-22,492051;-44,56364
18000789;-23,45805;-46,480628
18000790;-23,457919;-46,480328
18000791;-22,467041;-44,503322
18000792;-22,828698;-45,210777
18000793;-22,561677;-44,166433
18000794;-23,274642;-45,973904
18000795;-22,457199;-44,414902
18000796;-23,1779;-45,839298
18000797;-22,467071;-44,504088
18000798;-23,274643;-45,973941
18000799;-22,45736;-44,415521
18000800;-23,457711;-46,479839
18000801;-23,469678;-46,512806
18000802;-22,45736;-44,415255
18000803;0;0
18000804;-23,528014;-46,588836
18000805;-23,22379;-45,905261
18000806;-23,435907;-46,427754
18000807;-23,178543;-45,840759
18000808;0;0
18000809;-23,422606;-46,396323
18000810;-22,504441;-44,675346
18000811;-22,548342;-44,182953
18000812;-22,449415;-44,325905
18000813;-22,760231;-45,11863
18000814;-23,457711;-46,479839
18000815;-22,561603;-44,167206
18000816;-23,450791;-46,46428
18000817;-22,779517;-45,148245
18000818;-22,549153;-44,182725
18000819;-23,420723;-46,389284
18000820;-23,420483;-46,388417
18000821;-23,457839;-46,480117
18000822;-22,459527;-44,441349
18000823;-22,745278;-45,097778
18000824;-23,458169;-46,480906
18000825;-22,556066;-44,172788
18000826;-22,453501;-44,374286
18000827;-23,458267;-46,481139
18000828;-23,458169;-46,480906
18000829;-23,177814;-45,839935
18000830;-22,459101;-44,436008
18000831;-22,45906;-44,435985
18000832;-22,449023;-44,325097
18000833;-22,556058;-44,172809
18000834;-22,494333;-44,568975
18000835;-23,422262;-46,394884
18000836;-23,420528;-46,388788
18000837;-23,420795;-46,389544
18000838;0;0
18000839;-23,4214;-46,391763
18000840;0;0
18000841;-23,458375;-46,4814
18000842;0;0
18000843;-23,45805;-46,480628
18000844;-22,467037;-44,503526
18000845;0;0
18000846;-22,494209;-44,568498
18000847;-23,435907;-46,427754
18000848;-22,459518;-44,441352
18000849;-22,457352;-44,415231
18000850;0;0
18000851;0;0
18000852;0;0
18000853;-22,457307;-44,41496
18000854;0;0
18000855;-23,521928;-46,585183
18000856;-23,430728;-46,416549
18000857;-22,561593;-44,167572
18000858;0;0
18000859;-23,4221;-46,394311
18000860;-23,530258;-46,589789
18000861;-23,421937;-46,393747
18000862;-23,529964;-46,5892
18000863;-23,458267;-46,481139
18000864;-23,421165;-46,390919
18000865;-23,526303;-46,588381
18000866;0;0
18000867;-23,458375;-46,4814
18000868;-23,529064;-46,588778
18000869;-23,434112;-46,423514
18000870;-23,422351;-46,395161
18000871;-22,495015;-44,570705
18000872;-23,528358;-46,588817
18000873;-23,42109;-46,390637
18000874;0;0
18000875;-23,421245;-46,3912
18000876;-23,420651;-46,389016
18000877;-23,422021;-46,394029
18000878;-23,421012;-46,390355
18000879;-23,431989;-46,419417
18000880;-23,420859;-46,389811
18000881;-22,559539;-44,858938
18000882;0;0
18000883;-23,5294;-46,588781
18000884;-23,434104;-46,424465
18000885;-23,421322;-46,391481
18000886;-23,435544;-46,426957
18000887;-23,177973;-45,840162
18000889;-23,178281;-45,840298
18000891;-23,178743;-45,840555
18000892;-22,529949;-44,745948
18000893;-23,17839;-45,839209
18000894;-22,560875;-44,860365
18000895;-22,53003;-44,745037
18000896;-23,178118;-45,839183
18000897;-23,253957;-45,941123
18000898;-22,560713;-44,860076
18000899;-23,25398;-45,941113
18000900;-22,792857;-45,164104
18000902;-22,745244;-45,097801
18000903;-22,52989;-44,745525
18000904;-22,530118;-44,744171
18000905;-22,518719;-44,708099
18000906;-22,559595;-44,858677
18000907;-23,178875;-45,840442
18000910;-23,178458;-45,841032
18000911;0;0
18000912;-22,559546;-44,858357
18000913;-22,519693;-44,710269
18000914;-22,52998;-44,743946
18000915;-22,559819;-44,858778
18000917;-23,22398;-45,905057
18000919;-23,207493;-45,887416
18000921;-23,224051;-45,905132
18000923;-23,178505;-45,841315
18000924;-23,274231;-45,973674
18000925;-23,266368;-45,961208
18000926;-22,559676;-44,858525
18000927;-22,52995;-44,745231
18000928;-23,252199;-45,938202
18000929;-22,530233;-44,744395
18000931;-22,529914;-44,745706
18000932;-22,51886;-44,708359
18000933;-22,530273;-44,74461
18000935;-23,435544;-46,426957
18000938;-23,178362;-45,840331
18000939;0;0
18000941;-22,519654;-44,710076
18000942;-22,560232;-44,859102
18000943;-22,559604;-44,858719
18000947;-23,177868;-45,839334
18000949;-23,178389;-45,839229
18000950;-23,436179;-46,428581
18000951;-23,178473;-45,841013
18000952;-23,177819;-45,839941
18000954;-22,518862;-44,708334
18000955;-22,519675;-44,710265
18000956;-23,178661;-45,841535
18000957;-22,760033;-45,118323
18000958;-22,516873;-44,704722
18000960;-22,559918;-44,858472
18001001;-23,347385;-46,166435
18001002;-23,2803;-45,9827
18001003;-23,458097;-46,480161
18001004;-23,334231;-46,141389
18001005;-23,347709;-46,167404
18001006;-23,33242;-46,137835
18001007;-23,337162;-46,147049
18001008;-23,301829;-46,021817
18001009;-23,347503;-46,166779
18001010;-23,345969;-46,163571
18001011;-46,416901;-46,416901
18001012;-23,500825;-46,560142
18001013;-23,43108;-46,416344
18001014;-23,339789;-46,152178
18001015;-23,34002;-46,152476
18001016;-23,302582;-46,025704
18001017;-23,347643;-46,167085
18001018;-23,281248;-45,982824
18001019;-23,332583;-46,138157
18001020;-23,332755;-46,138446
18001021;-23,302276;-46,02469
18001022;-23,333292;-46,139525
18001023;-23,337846;-46,148343
18001024;-23,334205;-46,141261
18001025;-23,30255;-46,025388
18001026;-23,301988;-46,023967
18001027;-23,302436;-46,025015
18001028;-23,431301;-46,416881
18001029;-22,781047;-45,146943
18001030;-23,523576;-46,586747
18001031;-46,4175;-46,4175
18001032;-23,500856;-46,559803
18001033;-23,526737;-46,585765
18001034;-23,302404;-46,024714
18001035;-23,2799;-45,9814
18001036;-23,430739;-46,415545
18001037;-23,336734;-46,146214
18001038;-23,2801;-45,981998
18001039;-22,760261;-45,117991
18001040;-23,2801;-45,981701
18001041;-23,2808;-45,982498
18001042;-23,2778;-45,980301
18001043;-23,340076;-46,152776
18001044;-46,4156;-46,4156
18001045;-23,339494;-46,151784
18001046;-23,302305;-46,022858
18001047;-23,280199;-45,981602
18001048;-23,301834;-46,023199
18001049;-23,301745;-46,02281
18001050;-23,301924;-46,023557
18001051;-23,332292;-46,137573
18001052;-23,336881;-46,146584
18001053;-23,332911;-46,13885
18001054;-23,301948;-46,022211
18001055;-23,431413;-46,417148
18001056;-23,334394;-46,141704
18001057;-23,280899;-45,982101
18001058;-22,751168;-45,105227
18001059;-23,4097;-46,367401
18001060;-23,431342;-46,417188
18001061;-23,333115;-46,139178
18001062;-23,280701;-45,982101
18001063;-23,454;-46,4715
18001064;-23,431006;-46,416386
18001065;-23,2794;-45,980499
18001066;-23,453985;-46,470562
18001067;-23,470447;-46,515275
18001068;-23,337368;-46,147475
18001069;-23,2804;-45,9823
18001070;-23,281195;-45,9828
18001071;-23,347388;-46,166137
18001072;-23,500797;-46,559528
18001073;-23,33385;-46,140658
18001074;-22,751656;-45,10494
18001075;-23,457758;-46,479392
18001076;-23,2796;-45,9812
18001077;-22,751451;-45,105058
18001078;-23,276199;-45,979401
18001079;-46,419399;-46,419399
18001080;-23,496739;-46,559639
18001081;-46,415901;-46,415901
18001082;-23,45456;-46,471588
18001083;-23,432327;-46,419535
18001084;-22,760316;-45,118076
18001085;-23,5006;-46,559206
18001086;0;0
18001087;-22,751888;-45,104895
18001088;-23,526978;-46,58565
18001089;-23,431678;-46,41799
18001090;-23,333995;-46,140943
18001091;-23,302572;-46,023555
18001092;-23,30211;-46,022529
18001093;-23,462058;-46,492042
18001094;-23,347385;-46,16614
18001095;-23,302533;-46,023938
18001096;-23,497053;-46,559642
18001097;-23,337614;-46,147951
18001098;-22,760185;-45,117755
18001099;-23,470447;-46,515275
18001100;-23,525741;-46,58622
18001101;-23,432611;-46,419701
18001102;-23,5008;-46,560439
18001103;-23,464539;-46,49884
18001104;-23,43209;-46,418749
18001105;-23,458031;-46,48
18001106;0;0
18001107;-23,430852;-46,415812
18001108;-23,431527;-46,417414
18001109;-46,415699;-46,415699
18001110;-23,430964;-46,416079
18001111;-23,302476;-46,024313
18001112;-23,340283;-46,153053
18001113;-46,416901;-46,416901
18001114;-23,431455;-46,417455
18001115;-23,430782;-46,415852
18001116;-23,526506;-46,585883
18001117;-22,751662;-45,104936
18001118;-23,49755;-46,559631
18001119;-23,524334;-46,586826
18001120;-22,751455;-45,10507
18001121;-22,751794;-45,104739
18001122;-23,523797;-46,586829
18001123;-23,302108;-46,024358
18001124;-22,751781;-45,104755
18001125;-23,470356;-46,515014
18001126;-22,751469;-45,105053
18001127;-23,279301;-45,980999
18001128;-23,26023;-45,950924
18001129;0;0
18001130;-23,430894;-46,416119
18001131;-22,78151;-45,14655
18001132;-22,781302;-45,146753
18001133;-23,430558;-46,415317
18001134;-23,4384;-46,43476
18001135;0;0
18001136;-23,435386;-46,426355
18001137;-22,751869;-45,104901
18001138;0;0
18001139;-23,279301;-45,980801
18001140;-23,275135;-45,973983
18001141;-23,27911;-45,979903
18001142;-23,280001;-45,981701
18001143;-23,2799;-45,981098
18001144;0;0
18001145;-23,454573;-46,471112
18001146;-22,751649;-45,104933
18001147;-23,446617;-46,453831
18001148;0;0
18001149;-23,4137;-46,362
18001150;-23,419176;-46,383642
18001151;0;0
18001152;-23,275111;-45,973988
18001154;-23,431866;-46,418215
18001155;-23,470356;-46,515014
18001156;-23,43052;-46,415008
18001157;0;0
18001158;-46,447701;-46,447701
18001159;0;0
18001160;-46,414001;-46,414001
18001161;0;0
18001162;-23,4424;-46,443401
18001163;-23,259404;-45,949467
18001164;-23,454181;-46,471099
18001165;-23,441999;-46,442402
18001166;-23,525997;-46,586113
18001167;-22,760152;-45,117839
18001168;-22,750999;-45,105099
18001169;-22,781731;-45,146407
18001170;-23,438267;-46,433863
18001171;-23,260171;-45,950628
18001172;-22,780815;-45,147135
18001173;-22,751172;-45,105221
18001174;-22,751887;-45,104911
18001175;-23,497289;-46,55965
18001176;-23,2838;-45,979401
18001177;-22,751444;-45,105067
18001178;0;0
18001179;-22,875437;-45,257927
18001180;-23,279301;-45,982201
18001181;-23,43067;-46,415585
18001182;-23,274961;-45,973761
18001183;-23,280281;-45,981228
18001184;0;0
18001185;0;0
18001186;-23,464613;-46,499051
18001187;-22,751789;-45,104737
18001188;-23,431905;-46,418527
18001189;-22,751177;-45,105167
18001190;-22,751651;-45,104939
18001191;-23,43123;-46,416921
18001192;-22,742841;-45,093792
18001193;-23,496183;-46,559053
18001194;0;0
18001195;-23,278521;-45,979053
18001196;-23,278606;-45,979211
18001197;-22,751786;-45,104739
18001198;-22,75188;-45,10493
18001199;-23,457872;-46,479664
18001200;-23,279288;-45,980211
18001201;0;0
18001202;0;0
18001203;-23,215706;-45,89513
18001204;-23,2796;-45,9815
18001205;-23,43524;-46,426468
18001206;-23,274961;-45,973725
18001207;-23,279803;-45,980921
18001208;-23,266767;-45,960962
18001209;-23,434118;-46,423797
18001210;-23,259439;-45,949424
18001211;-46,423302;-46,423302
18001212;-23,26674;-45,960979
18001213;-22,829586;-45,210356
18001215;-23,228517;-45,909078
18001216;-23,434823;-46,425035
18001217;-23,442801;-46,444
18001218;0;0
18001219;0;0
18001220;-46,462399;-46,462399
18001221;-23,454445;-46,471339
18001222;-23,413601;-46,360298
18001223;0;0
18001224;-23,278764;-45,979387
18001225;0;0
18001226;-23,4191;-46,381401
18001227;-23,435137;-46,425829
18001228;0;0
18001229;-23,438286;-46,43449
18001230;-46,4184;-46,4184
18001231;-46,471001;-46,471001
18001232;-23,444;-46,445801
18001233;-23,442301;-46,443401
18001234;-46,4706;-46,4706
18001235;0;0
18001236;-23,443833;-46,447199
18001237;-23,436253;-46,429074
18001238;-23,4135;-46,361698
18001239;-46,422699;-46,422699
18001240;-23,434455;-46,424599
18001241;-46,421001;-46,421001
18001242;-23,445741;-46,452322
18001243;0;0
18001244;-23,434904;-46,425669
18001245;-23,443701;-46,446499
18001246;-22,875281;-45,258224
18001247;0;0
18001248;0;0
18001249;-46,445599;-46,445599
18001250;-23,436467;-46,429589
18001251;-23,448314;-46,458475
18001252;-23,440621;-46,439304
18001253;0;0
18001254;-23,444901;-46,448601
18001255;-23,446199;-46,452702
18001256;0;0
18001257;-23,43271;-46,419989
18001258;-23,436489;-46,430215
18001259;-23,436356;-46,429325
18001260;-23,280001;-45,981201
18001261;0;0
18001262;-23,435128;-46,426203
18001263;-23,449088;-46,459715
18001264;-23,432129;-46,419059
18001265;-23,448302;-46,457842
18001266;-23,435017;-46,425936
18001267;0;0
18001268;0;0
18001269;0;0
18001270;-22,792692;-45,163248
18001271;-23,437593;-46,432259
18001272;-22,874884;-45,259543
18001273;-23,43525;-46,426097
18001274;-23,442301;-46,443001
18001275;-46,423;-46,423
18001276;-23,436716;-46,430751
18001277;-23,446508;-46,453563
18001278;-23,436921;-46,430659
18001279;-23,443199;-46,444099
18001280;-23,432889;-46,420871
18001281;-46,449501;-46,449501
18001282;-23,437256;-46,431457
18001283;-23,443727;-46,44694
18001285;-23,43198;-46,418485
18001286;-46,449699;-46,449699
18001287;0;0
18001288;-23,45025;-46,46235
18001289;-23,436375;-46,429948
18001290;-23,436151;-46,429417
18001291;-23,43694;-46,431282
18001292;-23,4431;-46,444801
18001293;-22,781472;-45,146976
18001294;-23,436262;-46,429681
18001295;0;0
18001296;-23,433494;-46,421865
18001297;-23,437145;-46,43119
18001298;-23,449579;-46,460747
18001299;-23,437401;-46,4314
18001300;-23,43423;-46,424064
18001301;-46,424099;-46,424099
18001303;-46,443901;-46,443901
18001304;0;0
18001305;-23,442101;-46,442501
18001306;-23,432552;-46,42007
18001307;-23,449796;-46,460638
18001308;-46,419201;-46,419201
18001309;-23,448202;-46,458208
18001310;-23,4445;-46,448299
18001311;-23,447854;-46,456775
18001312;0;0
18001313;-23,436694;-46,430123
18001314;-23,437276;-46,432087
18001315;-23,43658;-46,429856
18001316;-23,438062;-46,433955
18001317;-23,44563;-46,452055
18001318;-23,529728;-46,588983
18001319;-23,436602;-46,430481
18001320;-23,448527;-46,458377
18001321;-22,87545;-45,256994
18001322;-23,436732;-46,429614
18001323;0;0
18001324;-23,449425;-46,460518
18001325;0;0
18001326;-46,4226;-46,4226
18001327;-22,875209;-45,256875
18001328;-22,783055;-45,149626
18001329;-23,446285;-46,453029
18001330;-22,874957;-45,258731
18001331;-23,433669;-46,422728
18001332;-23,438734;-46,435557
18001333;-22,829585;-45,210365
18001334;-23,433765;-46,422655
18001335;-23,465109;-46,498799
18001336;-46,422199;-46,422199
18001337;-22,903275;-45,306741
18001338;-23,448426;-46,458741
18001339;-23,448975;-46,459446
18001340;0;0
18001341;0;0
18001342;-23,441021;-46,440528
18001343;-23,522907;-46,586247
18001344;-22,781937;-45,146535
18001345;-22,874866;-45,259051
18001346;-23,446189;-46,45339
18001347;-23,446173;-46,452762
18001348;-23,436047;-46,429165
18001349;-23,449099;-46,46035
18001350;-23,43705;-46,431543
18001351;-23,436807;-46,430389
18001352;-23,437367;-46,431724
18001353;-23,445519;-46,451787
18001354;-23,437162;-46,431816
18001355;-23,44965;-46,461054
18001356;-23,448088;-46,45794
18001357;-23,445727;-46,451693
18001358;-23,445838;-46,451961
18001359;-23,518078;-46,581192
18001360;-22,875449;-45,256999
18001361;-22,829583;-45,210365
18001362;-23,438154;-46,433598
18001363;-23,437949;-46,43369
18001364;-23,4338;-46,422401
18001365;-46,4202;-46,4202
18001366;-23,446523;-46,45419
18001367;-23,464423;-46,498528
18001368;-22,874875;-45,25931
18001369;-22,874907;-45,256876
18001370;-23,46503;-46,498562
18001371;-23,437481;-46,431995
18001372;0;0
18001373;-23,34157;-46,155091
18001374;-23,464912;-46,498271
18001375;-22,823391;-45,192848
18001376;-23,498592;-46,560606
18001377;-23,461014;-46,487967
18001378;0;0
18001379;-22,875667;-45,257269
18001380;0;0
18001381;0;0
18001382;-22,829666;-45,210566
18001383;-23,433334;-46,421929
18001384;-23,457078;-46,478936
18001385;-22,823419;-45,192832
18001386;-23,456744;-46,47815
18001387;-23,436379;-46,428825
18001388;-23,436484;-46,429396
18001389;-23,445965;-46,452856
18001390;-23,448863;-46,459178
18001391;0;0
18001392;-46,421902;-46,421902
18001393;0;0
18001394;-23,448762;-46,459545
18001395;-23,446397;-46,453296
18001396;-23,443518;-46,447034
18001397;-23,4463;-46,453657
18001398;0;0
18001399;-23,449211;-46,460617
18001400;-22,875607;-45,25762
18001401;-23,433127;-46,421051
18001402;-23,4338;-46,422401
18001403;0;0
18001404;-22,874612;-45,256925
18001405;-22,874886;-45,256869
18001406;-46,4212;-46,4212
18001407;-22,874609;-45,256909
18001408;-23,464912;-46,498271
18001409;0;0
18001410;-23,432997;-46,421128
18001411;0;0
18001412;-23,465173;-46,498968
18001413;-23,518742;-46,581864
18001414;-23,441134;-46,440796
18001415;-23,449437;-46,461152
18001416;-23,341431;-46,154773
18001417;-23,29739;-46,0081
18001418;-23,444201;-46,448799
18001419;-23,507489;-46,570706
18001420;0;0
18001421;-23,439563;-46,437053
18001422;-23,321985;-46,112144
18001423;-23,52333;-46,58658
18001424;-23,436136;-46,428109
18001425;-23,436373;-46,429129
18001426;-23,433382;-46,421597
18001427;-23,29739;-46,0081
18001428;-23,526081;-46,588197
18001429;0;0
18001430;-22,82962;-45,209999
18001431;-23,457078;-46,478936
18001432;0;0
18001433;0;0
18001434;-23,523135;-46,586423
18001435;-23,434006;-46,423529
18001436;-22,781704;-45,146753
18001437;-23,448752;-46,458911
18001438;-23,29739;-46,0081
18001439;-22,875231;-45,256843
18001440;-23,464477;-46,498674
18001441;-23,446077;-46,453123
18001442;0;0
18001443;-23,447079;-46,455536
18001445;0;0
18001446;-23,438939;-46,435465
18001447;-23,4454;-46,4505
18001448;0;0
18001449;-23,464423;-46,498528
18001450;-23,492881;-46,551561
18001451;-23,4135;-46,3619
18001452;0;0
18001453;-23,501703;-46,565089
18001454;-22,8751;-45,258464
18001455;-23,471133;-46,517681
18001456;-23,321983;-46,112141
18001457;-23,445296;-46,451252
18001458;-23,438828;-46,435199
18001459;-23,457297;-46,479464
18001460;-23,340342;-46,152723
18001461;-23,508094;-46,5713
18001462;-23,4443;-46,447899
18001463;0;0
18001464;0;0
18001465;-23,519144;-46,582228
18001466;-23,303499;-46,028702
18001467;-23,337557;-46,147374
18001468;0;0
18001469;-23,464943;-46,498432
18001470;-23,449536;-46,460784
18001471;-23,445182;-46,450985
18001472;0;0
18001473;0;0
18001474;-23,521306;-46,584286
18001476;-23,341567;-46,155037
18001477;-23,456499;-46,4781
18001478;0;0
18001479;-23,338322;-46,148579
18001480;-23,302678;-46,02602
18001481;0;0
18001482;-23,516242;-46,579442
18001483;-23,516242;-46,579442
18001484;-23,518742;-46,581864
18001485;-23,445299;-46,449799
18001486;-23,30308;-46,027599
18001487;-23,439051;-46,435732
18001488;-23,438491;-46,434398
18001489;-23,452801;-46,4683
18001490;-23,503072;-46,566183
18001491;0;0
18001492;-23,339845;-46,151588
18001493;-23,321699;-46,112099
18001494;0;0
18001495;-23,516036;-46,579236
18001496;-23,4431;-46,4515
18001497;-23,33782;-46,147779
18001498;-23,340455;-46,152953
18001499;-23,438846;-46,435824
18001500;-23,450664;-46,46346
18001501;-23,32202;-46,10058
18001502;-46,4688;-46,4688
18001503;-23,4526;-46,467701
18001504;-23,338045;-46,148188
18001505;-23,445407;-46,45152
18001506;-23,33736;-46,146905
18001507;0;0
18001508;-23,460225;-46,485742
18001509;0;0
18001510;-23,448987;-46,460082
18001511;-23,515425;-46,578661
18001512;-23,180043;-45,838297
18001513;-23,149526;-45,778873
18001514;-23,441468;-46,441601
18001515;0;0
18001516;-23,302788;-46,026377
18001517;-23,340041;-46,152082
18001518;-23,438174;-46,434223
18001519;0;0
18001520;0;0
18001521;0;0
18001522;-23,524542;-46,586981
18001523;-23,452356;-46,468023
18001524;-23,453704;-46,471229
18001525;-23,449201;-46,459984
18001526;-23,449322;-46,460882
18001527;-23,516036;-46,579236
18001528;-23,180313;-45,839261
18001529;-23,445616;-46,451426
18001530;-23,525803;-46,588275
18001531;-23,452244;-46,467756
18001532;-23,303241;-46,028296
18001533;-23,180273;-45,838432
18001534;-23,438622;-46,435291
18001535;0;0
18001536;-23,454;-46,471001
18001537;-23,340147;-46,152387
18001538;-23,445279;-46,450625
18001539;-23,453874;-46,471823
18001540;0;0
18001541;-23,303469;-46,02904
18001542;-23,345605;-46,162995
18001543;-23,453699;-46,471298
18001544;0;0
18001545;-23,449312;-46,460251
18001546;0;0
18001547;-23,452805;-46,469093
18001548;-23,321988;-46,111749
18001549;-23,303115;-46,02791
18001550;-23,345765;-46,163297
18001551;-23,453256;-46,470163
18001552;-23,302412;-46,026917
18001553;-23,445165;-46,450359
18001554;0;0
18001555;-23,444957;-46,450453
18001556;-23,45007;-46,462135
18001557;-23,45169;-46,466418
18001558;-23,448874;-46,459813
18001559;-23,445504;-46,451159
18001560;-23,322059;-46,10071
18001561;-23,302884;-46,026779
18001562;-23,445391;-46,450891
18001563;-23,451579;-46,466152
18001564;-23,302953;-46,027215
18001565;-23,4445;-46,448502
18001566;-23,167458;-45,815402
18001567;-23,4519;-46,466202
18001568;0;0
18001569;-23,331425;-46,135873
18001570;0;0
18001571;-23,452696;-46,468825
18001572;-23,453031;-46,469628
18001573;-23,439183;-46,436627
18001574;0;0
18001575;0;0
18001576;0;0
18001577;-23,515425;-46,578661
18001578;-23,449651;-46,461689
18001579;0;0
18001580;-23,445068;-46,450714
18001581;0;0
18001582;-23,439165;-46,436003
18001583;-23,149311;-45,778661
18001584;0;0
18001585;-23,452748;-46,469121
18001586;-23,440583;-46,440112
18001587;-23,441694;-46,442134
18001588;-23,440797;-46,439993
18001589;-23,525408;-46,58796
18001590;0;0
18001591;0;0
18001592;-23,424534;-46,401832
18001593;-23,452471;-46,46829
18001594;-23,508708;-46,571856
18001595;0;0
18001596;0;0
18001597;-23,440011;-46,438123
18001598;-23,502853;-46,56675
18001599;-23,424426;-46,401563
18001600;-23,438044;-46,433334
18001601;-23,441705;-46,442787
18001602;0;0
18001603;-23,180123;-45,839465
18001604;-23,331705;-46,136389
18001605;-23,44047;-46,439845
18001606;0;0
18001607;-23,301718;-46,024482
18001608;-23,453818;-46,471499
18001609;-23,441255;-46,441718
18001610;-23,439388;-46,436535
18001611;-23,4137;-46,360901
18001612;0;0
18001613;-23,43896;-46,436095
18001614;0;0
18001615;-23,502583;-46,565475
18001616;-23,180982;-45,840592
18001617;-23,45263;-46,468859
18001618;-23,508917;-46,572058
18001619;-23,515214;-46,578453
18001620;0;0
18001621;-23,167756;-45,81606
18001622;-23,180655;-45,839568
18001623;-23,500225;-46,563047
18001624;0;0
18001625;-23,453593;-46,470966
18001626;-23,527048;-46,588883
18001627;-23,452499;-46,467499
18001628;0;0
18001629;-23,437839;-46,433425
18001630;-23,181049;-45,839949
18001631;-46,4711;-46,4711
18001632;0;0
18001633;0;0
18001634;-23,526081;-46,588197
18001635;0;0
18001636;-23,452583;-46,468558
18001637;-23,424872;-46,402633
18001638;0;0
18001639;-23,509114;-46,572242
18001640;-23,441906;-46,443019
18001641;-23,45348;-46,470696
18001642;-23,508497;-46,571664
18001643;-23,515214;-46,578453
18001644;-23,516442;-46,579633
18001645;0;0
18001646;-23,301737;-46,024499
18001647;-23,506839;-46,57045
18001648;0;0
18001649;-23,180179;-45,839739
18001650;-23,45292;-46,469364
18001651;0;0
18001652;0;0
18001653;-23,439349;-46,437172
18001654;0;0
18001655;-23,438379;-46,434131
18001656;-23,439071;-46,436359
18001657;-23,173631;-45,827698
18001658;-23,450172;-46,462708
18001659;-23,180379;-45,839478
18001660;-23,149915;-45,780206
18001661;-23,453368;-46,470431
18001662;-23,507881;-46,5711
18001663;-23,44148;-46,442253
18001664;-23,441919;-46,442668
18001665;-23,453144;-46,469896
18001666;-23,110725;-45,703426
18001667;-23,301553;-46,024614
18001668;-23,507697;-46,570931
18001669;-23,4135;-46,3605
18001670;-23,303047;-46,02876
18001671;-23,443166;-46,445603
18001672;-23,413401;-46,360199
18001673;-23,173485;-45,8277
18001674;-23,43828;-46,433674
18001675;-23,516442;-46,579633
18001676;-23,179561;-45,838389
18001677;-23,5083;-46,571475
18001678;0;0
18001679;-46,4715;-46,4715
18001680;-23,4541;-46,471368
18001681;-23,181098;-45,840296
18001682;-23,454076;-46,471046
18001683;-23,524542;-46,586981
18001684;0;0
18001685;-23,180402;-45,838698
18001686;-23,502377;-46,566056
18001687;-23,424648;-46,402098
18001688;0;0
18001689;0;0
18001690;-23,440807;-46,440647
18001691;-23,180454;-45,840631
18001692;-23,331375;-46,135747
18001693;-23,509958;-46,573781
18001694;0;0
18001695;-23,442046;-46,442935
18001696;-23,413799;-46,46085
18001697;-23,179482;-45,83894
18001698;0;0
18001699;-23,303157;-46,029096
18001700;-23,524767;-46,587153
18001701;-23,442691;-46,444886
18001702;-23,523028;-46,585775
18001703;-23,524756;-46,587421
18001704;0;0
18001705;-23,302268;-46,026592
18001706;-23,500717;-46,563694
18001707;-23,524767;-46,587153
18001708;-23,520501;-46,583842
18001709;-23,500386;-46,559039
18001710;-23,501219;-46,5644
18001711;-23,441368;-46,441986
18001712;-23,302581;-46,027276
18001713;-23,521306;-46,584286
18001714;-23,441593;-46,442514
18001715;-23,500031;-46,562783
18001716;-23,149683;-45,779514
18001717;0;0
18001718;-23,18091;-45,839745
18001719;-23,502542;-46,566308
18001720;-23,501372;-46,564622
18001721;-23,179813;-45,838279
18001722;-23,524756;-46,587421
18001723;-23,180731;-45,84069
18001724;-23,149802;-45,77985
18001725;-23,522597;-46,585411
18001726;-23,149619;-45,779159
18001727;-23,321756;-46,112151
18001728;-23,525853;-46,588008
18001729;-23,44092;-46,440915
18001730;-23,442577;-46,444619
18001731;-23,179452;-45,838661
18001732;-23,443026;-46,445687
18001733;-23,180405;-45,838997
18001734;-23,198199;-45,876001
18001735;-23,441808;-46,442401
18001736;-23,507044;-46,570622
18001737;-23,502044;-46,564681
18001738;-23,495436;-46,559811
18001739;0;0
18001740;-23,321768;-46,111716
18001741;-23,517226;-46,5807
18001742;-23,321552;-46,101251
18001743;-23,509958;-46,573781
18001744;-23,5004;-46,563267
18001745;-23,501561;-46,564878
18001746;-23,500556;-46,563472
18001747;-23,331374;-46,135776
18001748;-23,500869;-46,563911
18001749;-23,506631;-46,570261
18001750;0;0
18001751;-23,525243;-46,586439
18001752;-23,442718;-46,444535
18001753;-23,302144;-46,026221
18001754;-23,302915;-46,02838
18001755;-23,503828;-46,568119
18001756;-23,448649;-46,459276
18001757;-23,496361;-46,559942
18001758;-23,502583;-46,565475
18001759;-23,110896;-45,703235
18001760;-23,502744;-46,565717
18001762;-23,517064;-46,580233
18001763;0;0
18001764;-23,525853;-46,588008
18001765;-23,423087;-46,396791
18001766;-23,496807;-46,560003
18001767;-23,33143;-46,135864
18001768;-23,11091;-45,703249
18001769;-23,440684;-46,439726
18001770;-23,517064;-46,580233
18001771;-23,522597;-46,585411
18001772;-23,502744;-46,565717
18001773;-23,303457;-46,029836
18001774;0;0
18001775;-23,523028;-46,585775
18001776;-23,525411;-46,587672
18001777;-23,517667;-46,580814
18001778;-23,436052;-46,427852
18001779;-23,520696;-46,584039
18001780;0;0
18001781;-23,29739;-46,0081
18001782;-23,510178;-46,574003
18001783;-23,302799;-46,028036
18001784;-23,505611;-46,569297
18001785;-23,106951;-45,697921
18001786;-23,505611;-46,569297
18001787;-23,512178;-46,575556
18001788;-23,516811;-46,580334
18001789;-23,516864;-46,580033
18001790;-23,518478;-46,581586
18001791;-23,50222;-46,564942
18001792;-23,302682;-46,02766
18001794;-23,42325;-46,397357
18001795;-23,501061;-46,564169
18001796;-23,454433;-46,473842
18001798;-23,442354;-46,444085
18001799;-23,303298;-46,029486
18001800;-23,331977;-46,137021
18001801;-23,518478;-46,581586
18001802;-23,448639;-46,458643
18001803;-23,506839;-46,57045
18001804;-23,502044;-46,564681
18001805;0;0
18001806;-23,301762;-46,024905
18001807;-23,506631;-46,570261
18001808;-23,525172;-46,587472
18001809;-23,301405;-46,023694
18001810;-23,447284;-46,456078
18001811;-23,443412;-46,44678
18001812;-23,5209;-46,584226
18001813;0;0
18001814;-23,447615;-46,456243
18001815;-23,44216;-46,443202
18001819;-23,517226;-46,5807
18001820;-23,50222;-46,564942
18001821;-23,301927;-46,025546
18001822;-23,517667;-46,580814
18001823;0;0
18001824;-23,516026;-46,579574
18001825;-23,51702;-46,580516
18001826;0;0
18001827;0;0
18001828;0;0
18001829;-23,117342;-45,716384
18001830;-23,500767;-46,561717
18001831;-23,436359;-46,428643
18001832;-23,301874;-46,025282
18001833;-23,447732;-46,456514
18001834;0;0
18001835;-23,507044;-46,570622
18001836;-23,44764;-46,456874
18001837;-23,117314;-45,716148
18001838;-23,516026;-46,579574
18001839;-23,517428;-46,580904
18001840;-23,499589;-46,558997
18001841;-23,516811;-46,580334
18001842;-23,437388;-46,43235
18001843;-23,496289;-46,559319
18001844;-23,500736;-46,561531
18001845;-23,493544;-46,559667
18001846;-23,503031;-46,567003
18001847;-23,302053;-46,025937
18001848;0;0
18001849;-23,502753;-46,566606
18001851;-23,44202;-46,443285
18001852;-23,505828;-46,5695
18001853;-23,504667;-46,568239
18001854;-23,517264;-46,580422
18001855;-23,517442;-46,580614
18001856;-23,524309;-46,587069
18001857;-23,461208;-46,4885
18001858;0;0
18001859;-23,494056;-46,559731
18001860;0;0
18001861;-23,517442;-46,580614
18001862;-23,504847;-46,56845
18001863;-23,520708;-46,5837
18001864;-23,524581;-46,586733
18001865;-23,51702;-46,580516
18001866;0;0
18001867;-23,447518;-46,456613
18001868;-23,443055;-46,445337
18001869;-23,506442;-46,570072
18001870;0;0
18001871;-23,506231;-46,569883
18001872;-23,512178;-46,575556
18001873;-23,517428;-46,580904
18001874;-23,518269;-46,581392
18001875;-23,520108;-46,583139
18001876;-23,520506;-46,583503
18001877;-23,422535;-46,394789
18001878;-23,443406;-46,446163
18001879;-23,443305;-46,446523
18001880;-23,505428;-46,569108
18001881;-23,506019;-46,569692
18001882;-23,029328;-45,545932
18001884;-23,451599;-46,464901
18001886;-23,505428;-46,569108
18001887;-23,107121;-45,69816
18001888;-23,106411;-45,697081
18001889;-22,982717;-45,46335
18001890;-23,423345;-46,397628
18001891;-23,442382;-46,443735
18001893;-23,432066;-46,419103
18001894;-23,448538;-46,459009
18001895;-23,44362;-46,446686
18001897;-23,029093;-45,545416
18001898;-23,02926;-45,54563
18001899;-23,442606;-46,444269
18001900;-22,983098;-45,464754
18001901;-23,520303;-46,583314
18001902;-23,117532;-45,716579
18001903;-23,442943;-46,445069
18001904;-23,518269;-46,581392
18001905;-23,517875;-46,581
18001906;-22,98296;-45,464058
18001907;-23,442803;-46,445153
18001908;-23,442466;-46,444352
18001909;-23,117302;-45,716159
18001910;-23,516864;-46,580033
18001911;-22,9828;-45,463699
18001912;-23,494972;-46,559772
18001913;-23,106789;-45,697673
18001914;-23,517264;-46,580422
18001915;-23,516212;-46,579743
18001916;-23,442915;-46,44542
18001917;-23,504847;-46,56845
18001918;-23,50525;-46,568883
18001919;-23,423175;-46,397067
18001920;-23,525528;-46,5863
18001921;-23,422678;-46,39537
18001922;-23,506231;-46,569883
18001923;-23,149111;-45,778709
18001924;-23,506019;-46,569692
18001925;-23,517875;-46,581
18001926;-23,516212;-46,579743
18001927;-23,110909;-45,703256
18001929;-23,510178;-46,574003
18001930;-23,520108;-46,583139
18001931;-23,110719;-45,703441
18001933;-23,443198;-46,446257
18001934;-23,117512;-45,716569
18001935;-23,442494;-46,444002
18001936;-23,520303;-46,583314
18001937;-23,515008;-46,578253
18001938;-23,442831;-46,444802
18001939;-23,148886;-45,77885
18001940;-23,110898;-45,703245
18001941;-23,106536;-45,697301
18001942;-23,495903;-46,559869
18001943;-23,443294;-46,445893
18001944;-23,443514;-46,446429
18001945;-23,520506;-46,583503
18001946;-23,44227;-46,443468
18001947;0;0
18001948;-23,024097;-45,538251
18001949;-23,44213;-46,443552
18001950;-23,442242;-46,443819
18001951;-22,983031;-45,464392
18001952;-23,422758;-46,395654
18001953;0;0
18001954;-23,422455;-46,394505
18001955;-23,029348;-45,545933
18001956;-23,518078;-46,581192
18001957;-23,029251;-45,545604
18001959;-23,4445;-46,448799
18001960;-22,983164;-45,465076
18002001;-23,511225;-46,575019
18002002;0;0
18002003;-23,511411;-46,5752
18002004;-23,511035;-46,574818
18002005;-23,513659;-46,577317
18002006;-23,521712;-46,584999
18002007;-23,504177;-46,568085
18002008;-23,511225;-46,575019
18002009;-23,510408;-46,574239
18002010;-23,510592;-46,574414
18002011;0;0
18002012;-23,510592;-46,574414
18002014;-23,504942;-46,568953
18002015;0;0
18002016;-23,514268;-46,577912
18002017;-23,519299;-46,582704
18002018;-23,505533;-46,569573
18002019;-23,515363;-46,578927
18002020;-23,509789;-46,573658
18002021;-23,518386;-46,581819
18002022;-23,510821;-46,574624
18002023;-23,51405;-46,57768
18002024;-23,504539;-46,568533
18002025;-23,505126;-46,569145
18002026;0;0
18002027;-23,511035;-46,574818
18002028;-23,499089;-46,559117
18002029;-23,508425;-46,572369
18002030;-23,519706;-46,583088
18002031;0;0
18002032;-23,51821;-46,581664
18002033;-23,518697;-46,58211
18002034;-23,518697;-46,58211
18002035;-23,504358;-46,568311
18002036;-23,504741;-46,568757
18002037;-23,503989;-46,567852
18002038;-23,503989;-46,567852
18002039;-23,508028;-46,571983
18002040;-23,521712;-46,584999
18002041;-23,510408;-46,574239
18002042;-23,504358;-46,568311
18002043;-23,425207;-46,402461
18002044;0;0
18002045;-23,519706;-46,583088
18002046;-23,461208;-46,4885
18002047;-23,461014;-46,487967
18002048;0;0
18002049;0;0
18002050;-23,524114;-46,586644
18002051;0;0
18002052;-23,510821;-46,574624
18002053;-23,517636;-46,581106
18002054;-23,519711;-46,582756
18002055;-23,509022;-46,572936
18002056;0;0
18002057;-23,524303;-46,586772
18002058;-23,515603;-46,579158
18002059;0;0
18002060;-23,515822;-46,579371
18002061;-23,506348;-46,57034
18002062;-23,515603;-46,579158
18002063;-23,517636;-46,581106
18002064;-23,508225;-46,572167
18002065;-23,500947;-46,560547
18002066;-23,452753;-46,468159
18002067;-23,519319;-46,582397
18002068;0;0
18002069;-23,51821;-46,581664
18002070;-23,523661;-46,586306
18002071;-23,51405;-46,57768
18002072;-23,509214;-46,573133
18002073;-23,508619;-46,572556
18002074;-23,453454;-46,46941
18002075;-23,508028;-46,571983
18002076;-23,499341;-46,559056
18002078;-23,519514;-46,582575
18002079;0;0
18002080;-23,519897;-46,58293
18002081;-23,510139;-46,573622
18002082;-23,519144;-46,582228
18002083;-23,525571;-46,588076
18002084;-23,524538;-46,587253
18002085;-23,491189;-46,549211
18002086;-23,515822;-46,579371
18002087;-23,524309;-46,587069
18002088;-23,452889;-46,468075
18002089;-23,509214;-46,573133
18002090;-23,502406;-46,565219
18002091;-23,502406;-46,565219
18002092;0;0
18002093;0;0
18002094;-23,519299;-46,582704
18002095;-23,522808;-46,585589
18002096;0;0
18002097;-23,508699;-46,572498
18002098;-23,524303;-46,586772
18002099;-23,504539;-46,568533
18002100;0;0
18002101;-23,430953;-46,417078
18002102;-23,514268;-46,577912
18002103;-23,505316;-46,569366
18002104;-23,496467;-46,559508
18002105;-23,530358;-46,590131
18002106;0;0
18002107;-23,493592;-46,552561
18002108;-23,508225;-46,572167
18002109;-23,509022;-46,572936
18002110;0;0
18002111;-23,498114;-46,5598
18002112;-23,518386;-46,581819
18002113;-23,518939;-46,582033
18002114;-23,5084;-46,572399
18002115;-23,515363;-46,578927
18002116;-23,519897;-46,58293
18002117;-23,522808;-46,585589
18002118;0;0
18002119;0;0
18002120;-23,506135;-46,570155
18002121;-23,494847;-46,554272
18002122;-23,525174;-46,587777
18002123;-23,500869;-46,560822
18002124;0;0
18002125;-23,519319;-46,582397
18002126;-23,510536;-46,574011
18002127;-23,525803;-46,588275
18002128;0;0
18002129;0;0
18002130;-23,524114;-46,586644
18002131;0;0
18002132;-23,520708;-46,5837
18002133;-23,523453;-46,586117
18002134;-23,521111;-46,584111
18002135;-23,503072;-46,566183
18002136;-23,500814;-46,562
18002137;-23,508808;-46,572742
18002138;-23,511353;-46,574778
18002139;0;0
18002140;-23,519514;-46,582575
18002141;-23,508425;-46,572369
18002142;-23,478261;-46,529503
18002143;-23,491028;-46,548978
18002144;-23,525571;-46,588076
18002145;-23,522381;-46,585231
18002146;-23,511353;-46,574778
18002147;0;0
18002148;-23,523239;-46,585947
18002149;-23,500164;-46,558961
18002150;0;0
18002151;-23,519711;-46,582756
18002152;-23,453852;-46,470505
18002153;-23,527772;-46,589814
18002154;-23,527772;-46,589814
18002155;0;0
18002156;-23,492347;-46,550836
18002157;-23,510928;-46,574367
18002158;-23,521108;-46,584416
18002159;-23,45393;-46,471762
18002160;-23,527128;-46,589264
18002161;-23,524538;-46,587253
18002162;-23,491028;-46,548978
18002163;-23,510744;-46,574194
18002164;-23,524975;-46,587604
18002165;-23,510928;-46,574367
18002166;-23,460742;-46,487208
18002167;0;0
18002168;-23,509731;-46,572814
18002169;0;0
18002170;-23,527559;-46,589623
18002171;-23,511561;-46,574975
18002172;-23,453093;-46,468959
18002173;0;0
18002174;-23,509494;-46,5726
18002175;-23,509319;-46,572432
18002176;-23,524975;-46,587604
18002177;-23,510744;-46,574194
18002178;-23,522363;-46,585555
18002179;0;0
18002180;-23,521111;-46,584111
18002181;-23,491189;-46,549211
18002182;-23,492347;-46,550836
18002183;-23,521289;-46,584592
18002184;-23,522363;-46,585555
18002185;-23,526465;-46,588732
18002186;-23,510536;-46,574011
18002187;-23,512431;-46,576175
18002188;-23,526465;-46,588732
18002189;-23,525174;-46,587777
18002190;0;0
18002191;-23,4925;-46,551102
18002192;-23,526901;-46,58908
18002193;-23,5098;-46,573631
18002194;-23,526901;-46,58908
18002195;-23,527559;-46,589623
18002196;-23,453985;-46,4711
18002197;-23,5035;-46,567675
18002198;-23,528164;-46,589808
18002199;-23,453874;-46,470835
18002200;-23,527355;-46,589438
18002201;-23,453788;-46,470214
18002202;-23,511561;-46,574975
18002203;-23,510333;-46,573825
18002204;-23,510333;-46,573825
18002205;-23,465647;-46,500781
18002206;-23,527783;-46,588806
18002207;-23,45421;-46,471628
18002208;-23,452499;-46,468102
18002209;-23,527531;-46,58875
18002210;0;0
18002211;-23,493447;-46,552347
18002212;0;0
18002213;-23,503633;-46,567853
18002214;-23,464956;-46,498856
18002215;-23,526015;-46,58841
18002216;0;0
18002217;-23,449959;-46,462509
18002218;-23,453001;-46,468342
18002219;-23,421396;-46,390248
18002220;-23,513865;-46,577516
18002221;-23,503172;-46,567208
18002222;-23,527275;-46,588639
18002223;-23,526667;-46,588902
18002224;-23,527047;-46,588525
18002225;0;0
18002226;-23,4536;-46,4702
18002227;-23,526667;-46,588902
18002228;-23,526789;-46,588378
18002229;-23,453964;-46,470773
18002230;-46,4701;-46,4701
18002231;-23,527355;-46,589438
18002232;-23,453567;-46,469679
18002233;-23,521108;-46,584416
18002234;-23,494847;-46,554272
18002235;-23,453229;-46,468875
18002236;-23,526234;-46,588558
18002237;0;0
18002238;0;0
18002239;-23,453431;-46,469762
18002240;-23,527975;-46,589631
18002241;-23,527753;-46,589461
18002242;-23,52755;-46,589297
18002243;-23,494686;-46,554052
18002244;-23,527297;-46,589078
18002245;-46,5541;-46,5541
18002246;0;0
18002247;-23,513473;-46,577147
18002248;0;0
18002249;-23,521518;-46,584787
18002250;-23,521518;-46,584787
18002251;-23,505937;-46,569962
18002252;-23,449546;-46,461418
18002253;-23,494101;-46,553398
18002254;-23,519903;-46,583291
18002255;-23,519903;-46,583291
18002256;-23,515092;-46,578688
18002257;-46,552898;-46,552898
18002258;-23,520085;-46,583465
18002259;-23,520085;-46,583465
18002260;-23,511614;-46,575394
18002261;-23,513473;-46,577147
18002262;-23,494214;-46,553406
18002263;-23,494214;-46,553406
18002264;0;0
18002265;-23,520315;-46,583669
18002266;-23,512217;-46,575972
18002267;-23,494058;-46,553183
18002268;-23,494058;-46,553183
18002269;-23,494528;-46,553839
18002270;-23,51447;-46,578094
18002271;-23,512431;-46,576175
18002272;-23,454104;-46,471684
18002273;-23,493592;-46,552561
18002274;-23,494375;-46,553625
18002275;-23,505731;-46,569762
18002276;0;0
18002277;0;0
18002278;-23,420935;-46,390073
18002279;-23,452978;-46,468693
18002280;-23,453652;-46,470299
18002281;-46,469898;-46,469898
18002282;0;0
18002283;-23,493447;-46,552347
18002284;-23,514665;-46,57825
18002285;-23,433542;-46,423129
18002286;-23,512019;-46,575789
18002287;-23,51447;-46,578094
18002288;-23,493744;-46,552758
18002289;0;0
18002290;-23,433318;-46,422593
18002291;-23,493897;-46,552967
18002292;-23,513276;-46,57696
18002293;-23,432405;-46,420462
18002294;-23,493897;-46,552967
18002295;-23,501877;-46,564917
18002296;0;0
18002297;-23,515092;-46,578688
18002298;-23,512217;-46,575972
18002299;0;0
18002300;-23,50525;-46,568883
18002301;0;0
18002302;0;0
18002303;0;0
18002304;-23,4505;-46,463699
18002305;-23,433956;-46,423572
18002306;-23,513276;-46,57696
18002307;-23,506348;-46,57034
18002308;-23,514665;-46,57825
18002309;0;0
18002310;-23,493031;-46,551769
18002311;-23,506135;-46,570155
18002312;0;0
18002313;-23,512019;-46,575789
18002314;-23,511614;-46,575394
18002315;0;0
18002316;-23,514888;-46,578497
18002317;-23,502186;-46,565395
18002318;0;0
18002319;-23,518033;-46,581492
18002320;-23,492689;-46,551303
18002321;0;0
18002322;-23,433734;-46,423039
18002323;0;0
18002324;-23,422596;-46,395088
18002325;0;0
18002326;-23,514888;-46,578497
18002327;-23,433764;-46,423662
18002328;-23,452417;-46,46736
18002329;-23,43626;-46,428363
18002330;0;0
18002331;0;0
18002332;0;0
18002333;-23,450555;-46,463191
18002334;-23,446608;-46,453411
18002335;0;0
18002336;-23,498044;-46,560486
18002337;-23,433201;-46,422401
18002338;-23,526261;-46,58599
18002339;0;0
18002340;-23,497261;-46,560097
18002341;-23,419901;-46,389599
18002342;-23,493031;-46,551769
18002343;-23,430843;-46,416811
18002344;-23,426892;-46,4058
18002345;-23,449864;-46,46159
18002346;-23,498933;-46,561067
18002347;-23,419109;-46,383354
18002348;-23,501866;-46,565328
18002349;-23,450442;-46,462924
18002350;-23,498756;-46,560839
18002351;-23,422974;-46,397138
18002352;0;0
18002353;0;0
18002354;-23,502807;-46,566287
18002355;-23,431179;-46,417612
18002356;0;0
18002357;0;0
18002358;-23,416266;-46,372337
18002359;-23,518033;-46,581492
18002360;-23,499889;-46,562594
18002361;-23,430207;-46,414869
18002362;0;0
18002363;0;0
18002364;-23,504667;-46,568239
18002365;-23,450899;-46,4641
18002366;-23,449855;-46,462234
18002367;-23,492689;-46,551303
18002368;-23,497928;-46,559503
18002369;-23,416359;-46,372613
18002370;0;0
18002371;-23,50205;-46,565595
18002372;-23,431069;-46,417344
18002373;-23,497544;-46,560206
18002374;0;0
18002375;-23,493158;-46,551947
18002376;0;0
18002377;-23,502645;-46,566067
18002378;-23,424185;-46,399128
18002379;-23,499031;-46,561427
18002380;0;0
18002381;-23,43289;-46,420557
18002382;-23,492017;-46,550369
18002383;-23,423822;-46,398639
18002384;-23,493158;-46,551947
18002385;-23,491353;-46,549442
18002386;-23,417362;-46,376896
18002387;-23,526811;-46,588658
18002388;-23,423295;-46,396982
18002389;-23,491658;-46,549867
18002390;-23,422828;-46,39562
18002391;-46,424599;-46,424599
18002392;-23,499119;-46,561328
18002393;-23,493294;-46,552147
18002394;-23,492017;-46,550369
18002395;0;0
18002396;-23,501444;-46,563211
18002397;-23,432293;-46,420195
18002398;-23,419318;-46,384204
18002399;-23,491819;-46,5501
18002400;-23,511767;-46,575164
18002401;-23,461111;-46,488222
18002402;-23,492183;-46,550597
18002403;-23,491819;-46,5501
18002404;-23,504177;-46,568085
18002405;-23,426663;-46,405261
18002406;-23,498458;-46,5608
18002407;-23,424784;-46,400766
18002408;-23,513831;-46,577114
18002409;-23,502181;-46,5644
18002410;-23,511767;-46,575164
18002411;-23,499725;-46,562331
18002412;-23,499219;-46,561661
18002413;-23,491658;-46,549867
18002414;-23,4223;-46,393002
18002415;-23,499567;-46,562119
18002416;0;0
18002417;-23,525408;-46,58796
18002418;-23,491492;-46,549636
18002419;-23,492517;-46,551058
18002420;-23,503311;-46,567
18002421;-23,502645;-46,566067
18002422;-23,520501;-46,583842
18002423;-23,504942;-46,568953
18002424;-23,498264;-46,560631
18002425;-23,501722;-46,563669
18002426;-23,497792;-46,560339
18002427;-23,499386;-46,561903
18002428;-23,501578;-46,563436
18002429;-23,501869;-46,563903
18002430;0;0
18002431;-23,509708;-46,573219
18002432;-23,491353;-46,549442
18002433;-23,501686;-46,564644
18002434;-23,435681;-46,428113
18002435;-23,513394;-46,576711
18002436;-23,498853;-46,561197
18002437;-23,461111;-46,488222
18002438;-23,501039;-46,562517
18002439;0;0
18002440;-23,505731;-46,569762
18002441;-23,514422;-46,577675
18002442;-23,502186;-46,565395
18002443;-23,417644;-46,37803
18002444;-23,501319;-46,564133
18002445;-23,5209;-46,584226
18002446;-23,493294;-46,552147
18002447;-23,498672;-46,561
18002448;-23,512578;-46,575936
18002449;-23,501164;-46,562742
18002450;-23,514181;-46,577486
18002451;-23,511975;-46,575364
18002452;-23,504741;-46,568757
18002453;0;0
18002454;-23,430428;-46,415401
18002455;-23,514181;-46,577486
18002456;-23,507831;-46,571792
18002457;-23,514422;-46,577675
18002458;-23,514011;-46,577308
18002459;-23,417721;-46,378313
18002460;-23,501686;-46,564644
18002461;-23,430105;-46,414592
18002462;-23,505937;-46,569962
18002463;-23,462825;-46,493164
18002464;-23,429112;-46,412836
18002465;-23,504333;-46,567281
18002466;-23,430751;-46,416197
18002467;-23,520696;-46,584039
18002468;-23,513394;-46,576711
18002469;-23,513628;-46,576936
18002470;-23,525004;-46,58656
18002471;0;0
18002472;-23,417495;-46,377465
18002473;-23,514619;-46,577847
18002474;-23,501922;-46,559544
18002475;-23,502807;-46,566287
18002476;-23,507831;-46,571792
18002477;0;0
18002478;-23,513208;-46,576544
18002479;-23,462633;-46,492611
18002480;-23,470275;-46,51475
18002481;-23,417427;-46,377181
18002482;-23,514619;-46,577847
18002483;-23,511975;-46,575364
18002484;-23,5015;-46,564389
18002485;0;0
18002486;-23,509708;-46,573219
18002487;0;0
18002488;-23,417567;-46,377748
18002489;-23,429877;-46,414046
18002490;-23,460037;-46,491172
18002491;-23,470275;-46,51475
18002492;-23,435774;-46,428075
18002493;-23,462731;-46,492886
18002494;-23,513628;-46,576936
18002495;-23,501986;-46,5641
18002496;-23,434588;-46,425179
18002497;-23,512578;-46,575936
18002498;-23,433502;-46,422511
18002499;-23,430313;-46,415124
18002500;-23,513831;-46,577114
18002501;-23,430655;-46,415923
18002502;-23,512797;-46,576147
18002504;-23,501411;-46,562989
18002505;-23,512797;-46,576147
18002506;-23,432368;-46,419834
18002507;-23,50204;-46,565147
18002508;-23,436145;-46,428825
18002509;-23,433845;-46,423305
18002510;-23,514828;-46,578061
18002511;-23,430918;-46,416452
18002512;-23,417875;-46,378875
18002513;-23,430535;-46,415664
18002514;-23,512972;-46,576317
18002515;-23,514011;-46,577308
18002516;-23,50204;-46,565147
18002518;-23,434284;-46,424378
18002519;-23,427076;-46,407353
18002520;0;0
18002521;-23,514828;-46,578061
18002522;0;0
18002523;-23,433652;-46,423395
18002524;-23,502975;-46,566528
18002525;-23,416039;-46,370925
18002526;-23,429991;-46,414325
18002527;-46,4173;-46,4173
18002528;-23,503622;-46,567394
18002530;-23,423373;-46,396337
18002531;-23,513208;-46,576544
18002532;-23,503813;-46,567666
18002533;-23,41625;-46,373231
18002534;-23,503813;-46,567666
18002535;-23,422542;-46,394478
18002536;0;0
18002537;-23,502339;-46,565594
18002538;-23,503622;-46,567394
18002539;-46,4189;-46,4189
18002540;-23,502186;-46,565394
18002541;-23,415518;-46,370088
18002542;-23,418588;-46,381407
18002543;-23,501877;-46,564917
18002544;0;0
18002545;-23,503121;-46,56676
18002546;0;0
18002547;-23,415417;-46,368669
18002548;-23,418745;-46,380732
18002549;-23,420682;-46,387742
18002550;0;0
18002551;-23,4133;-46,363998
18002552;-23,42373;-46,397745
18002553;-23,422762;-46,39533
18002554;0;0
18002556;-23,503472;-46,567204
18002557;-23,419058;-46,381447
18002558;-23,506442;-46,570072
18002559;-23,423182;-46,39641
18002560;-23,502186;-46,565394
18002561;-23,502975;-46,566528
18002563;-23,502501;-46,56583
18002564;-23,503311;-46,567
18002565;-23,440701;-46,4454
18002566;-23,422879;-46,394973
18002567;-23,422949;-46,395887
18002568;0;0
18002569;-23,503472;-46,567204
18002571;0;0
18002572;-23,419127;-46,382466
18002573;-23,415133;-46,368089
18002574;0;0
18002575;0;0
18002576;-23,413669;-46,360634
18002577;-23,423552;-46,397809
18002578;-46,425701;-46,425701
18002579;-46,417801;-46,417801
18002580;-23,422468;-46,394195
18002581;-23,502339;-46,565594
18002582;0;0
18002583;-23,423995;-46,398577
18002584;0;0
18002585;0;0
18002586;-23,413601;-46,3606
18002587;0;0
18002588;-23,423809;-46,398026
18002589;-23,422667;-46,395063
18002590;-23,502501;-46,56583
18002591;-23,432499;-46,419434
18002593;-23,4433;-46,445
18002594;0;0
18002595;-23,423635;-46,398088
18002596;0;0
18002597;-23,4137;-46,3615
18002598;0;0
18002599;0;0
18002600;-23,42401;-46,399189
18002602;-23,468972;-46,510553
18002603;-23,415764;-46,370924
18002606;0;0
18002608;-23,503894;-46,566772
18002609;-46,424301;-46,424301
18002610;0;0
18002611;-23,413601;-46,360699
18002612;-23,415756;-46,371222
18002613;0;0
18002614;-23,427003;-46,406067
18002615;-23,423913;-46,398918
18002616;0;0
18002617;0;0
18002618;-23,493736;-46,553647
18002619;-23,503356;-46,566122
18002622;-23,414499;-46,362801
18002628;-23,502572;-46,565003
18002632;0;0
18002635;-23,493908;-46,553897
18002636;-23,502897;-46,565483
18002639;0;0
18002641;-23,502378;-46,564717
18002643;-23,494072;-46,554136
18002644;0;0
18002646;0;0
18002647;-23,502717;-46,565247
18002652;0;0
18002653;0;0
18002654;-23,503208;-46,565922
18002659;0;0
18002662;0;0
18002665;-23,4136;-46,3612
18002668;0;0
18002673;-23,503053;-46,565686
18002680;-23,504033;-46,567064
18002681;-23,503556;-46,566367
18002685;-23,504194;-46,567247
18002699;0;0
18002714;-23,503733;-46,566594
18000438;-23,479431;-46,530867
18000546;-23,479431;-46,530867
18000552;-23,479275;-46,530628
18000593;-23,479275;-46,530628
18000645;-23,500475;-46,562386
18000659;-23,500475;-46,562386
18000669;-23,500331;-46,562125
18000702;-23,466439;-46,503617
18000703;0;0
18000888;-23,500331;-46,562125
18000890;-23,462683;-46,49255
18000901;-23,462683;-46,49255
18000908;-23,462583;-46,492286
18000909;-23,462583;-46,492286
18000916;-23,462489;-46,492014
18000918;-23,462489;-46,492014
18000920;-23,462367;-46,491706
18000922;-23,462367;-46,491706
18000930;-23,462264;-46,491422
18000934;-23,462264;-46,491422
18000936;0;0
18000937;0;0
18000940;-23,500019;-46,561608
18000944;-23,500019;-46,561608
18000945;-23,466536;-46,503883
18000946;-23,466536;-46,503883
18000948;-23,499853;-46,561353
18000953;-23,499853;-46,561353
18000959;-23,499667;-46,561083
18000961;-23,421317;-46,389963
18000962;-23,468656;-46,510281
18000963;-23,422001;-46,392799
18000964;-23,422199;-46,393799
18000965;0;0
18000966;-23,421177;-46,389435
18000967;-23,444136;-46,446526
18000968;0;0
18000969;-23,478972;-46,530142
18000970;-23,421709;-46,391366
18000971;-23,468656;-46,510281
18000972;-23,478972;-46,530142
18000973;-23,487911;-46,544131
18000974;-23,487911;-46,544131
18000975;-23,487753;-46,543881
18000976;-23,487753;-46,543881
18000977;-23,487592;-46,543639
18000978;-23,487592;-46,543639
18000979;-23,479814;-46,531914
18000980;-23,457219;-46,478039
18000981;-23,479814;-46,531914
18000982;-23,478817;-46,529894
18000983;-23,491767;-46,5505
18000984;-23,491767;-46,5505
18000985;-23,491594;-46,550275
18000986;-23,491594;-46,550275
18000987;-23,489739;-46,546972
18000988;-23,488108;-46,544858
18000989;-23,489739;-46,546972
18000990;-23,491439;-46,550047
18000991;-23,491439;-46,550047
18000992;-23,487436;-46,543383
18000993;-23,487436;-46,543383
18000994;-23,499869;-46,561772
18000995;0;0
18000996;-23,499667;-46,561083
18000997;0;0
18000998;0;0
18000999;-23,478817;-46,529894
18001000;-23,488108;-46,544858
18001153;-23,463161;-46,49425
18001214;-23,463161;-46,49425
18001284;-23,496975;-46,55725
18001302;0;0
18001444;-23,459347;-46,483722
18001475;-23,459347;-46,483722
18001761;-23,459233;-46,483444
18001793;-23,462958;-46,493742
18001797;0;0
18001816;-23,459233;-46,483444
18001817;-23,497133;-46,557489
18001818;-23,497133;-46,557489
18001850;-23,459133;-46,483214
18001883;-23,496975;-46,55725
18001885;-23,459133;-46,483214
18001892;-23,462958;-46,493742
18001896;-23,463075;-46,494025
18001928;-23,462383;-46,493122
18001932;-23,462492;-46,493397
18001958;-23,459222;-46,482833
18001961;0;0
18001962;0;0
18001963;-23,427709;-46,40772
18001964;0;0
18001965;0;0
18001966;-23,462464;-46,492631
18001967;-23,462464;-46,492631
18001968;0;0
18001969;-23,462361;-46,492364
18001970;-23,462361;-46,492364
18001971;0;0
18001972;-23,462065;-46,491539
18001973;-23,462161;-46,491814
18001974;-23,462161;-46,491814
18001975;0;0
18001976;0;0
18001977;-23,463997;-46,496886
18001978;0;0
18001979;-23,462564;-46,492906
18001980;-23,463608;-46,495794
18001981;-23,463608;-46,495794
18001982;-23,4637;-46,496075
18001983;-23,4637;-46,496075
18001984;-23,462258;-46,492081
18001985;-23,462258;-46,492081
18001986;-23,462564;-46,492906
18001987;0;0
18001988;-23,467203;-46,505108
18001989;-23,4638;-46,496339
18001990;0;0
18001991;-23,463894;-46,496614
18001992;-23,462664;-46,493186
18001993;-23,463894;-46,496614
18001994;0;0
18001995;-23,464094;-46,497158
18001996;0;0
18001997;-23,462664;-46,493186
18001998;-23,428165;-46,408808
18001999;-23,463508;-46,495531
18002000;-23,463508;-46,495531
18002013;0;0
18002077;-23,511811;-46,575569
18002503;-23,50945;-46,573375
18002517;-23,50945;-46,573375
18002529;-23,26535;-45,959197
18002555;-23,239042;-45,92095
18002562;-23,248508;-45,932622
18002570;-23,509617;-46,573536
18002592;-23,509617;-46,573536
18002601;-23,228517;-45,909078
18002604;0;0
18002605;-23,496322;-46,556339
18002607;-23,247312;-45,930728
18002620;-23,500525;-46,562094
18002621;-23,496633;-46,556781
18002623;-23,460789;-46,488039
18002624;-23,511817;-46,575937
18002625;-23,49585;-46,55565
18002626;-23,494908;-46,554864
18002627;-23,49585;-46,55565
18002629;-23,239035;-45,920962
18002630;0;0
18002631;-23,228523;-45,90907
18002633;-23,496172;-46,556097
18002634;-23,496172;-46,556097
18002637;-23,493919;-46,553481
18002638;-23,228517;-45,909078
18002640;-23,228523;-45,909075
18002642;-23,500344;-46,561842
18002645;-23,247312;-45,930728
18002648;-23,495681;-46,555411
18002649;-23,239035;-45,920978
18002650;-23,495681;-46,555411
18002651;-23,228523;-45,90907
18002655;-23,495503;-46,555167
18002656;-23,239042;-45,92095
18002657;0;0
18002658;-23,239042;-45,92095
18002660;-23,237467;-45,919272
18002661;-23,490558;-46,548719
18002663;-23,237558;-45,91921
18002664;-23,228523;-45,90907
18002666;-23,228517;-45,909078
18002667;0;0
18002669;-23,248508;-45,932622
18002670;-23,237562;-45,919418
18002671;-23,495247;-46,555325
18002672;0;0
18002674;-23,496486;-46,556564
18002675;-23,496486;-46,556564
18002676;0;0
18002677;-23,495503;-46,555167
18002678;-23,239048;-45,920973
18002679;-23,500172;-46,561597
18002682;-23,482283;-46,535775
18002683;-23,495339;-46,554931
18002684;0;0
18002686;-23,495339;-46,554931
18002687;-23,237562;-45,919418
18002688;-23,495178;-46,554706
18002689;0;0
18002690;-23,494569;-46,554392
18002691;-23,228523;-45,909075
18002692;0;0
18002693;-23,507553;-46,571492
18002694;-23,507553;-46,571492
18002695;-23,495178;-46,554706
18002696;-23,237562;-45,919418
18002697;0;0
18002698;-23,495009;-46,554486
18002700;-23,496808;-46,557014
18002701;-23,496808;-46,557014
18002702;-23,494244;-46,553942
18002703;-23,237562;-45,919418
18002704;-23,494744;-46,554631
18002705;-23,494106;-46,553747
18002706;-23,496322;-46,556339
18002708;-23,460683;-46,487764
18002709;-23,460683;-46,487764
18002710;-23,495009;-46,554486
18002711;-23,460883;-46,488292
18002712;-23,460883;-46,488292
18002713;-23,491301;-46,549
18002715;-23,496008;-46,555875
18002716;0;0
18002717;-23,496008;-46,555875
18002718;-23,239042;-45,92095
18002719;0;0
18002720;-23,496633;-46,556781
18002721;0;0
18002722;-23,460789;-46,488039
18002723;-23,237558;-45,91921
18002724;-23,286501;-45,992298
18002725;-23,495075;-46,555094
18002726;0;0
18002727;0;0
18002728;-23,493747;-46,55325
18002729;-23,287176;-45,993203
18002730;-23,494406;-46,554156
18002731;-23,493581;-46,553017
18002732;0;0
18002733;-23,494244;-46,553942
18002734;-23,228523;-45,90907
18002735;0;0
18002736;-23,500001;-46,56135
18002737;-23,493747;-46,55325
18002738;-23,493417;-46,5528
18002739;0;0
18002740;-23,2899;-45,997501
18002741;-23,28794;-45,994384
18002742;-23,289468;-45,996772
18002743;-23,507697;-46,571625
18002744;-23,507697;-46,571625
18002745;-23,493417;-46,5528
18002746;0;0
18002747;-23,462367;-46,492825
18002748;-23,237467;-45,919272
18002749;0;0
18002750;-23,218962;-45,89942
18002751;-23,2862;-45,990398
18002752;0;0
18002753;-23,2208;-45,9021
18002754;-23,26442;-45,957763
18002755;-23,288964;-45,996004
18002756;-23,239048;-45,920973
18002757;-23,494569;-46,554392
18002758;0;0
18002759;-23,265511;-45,95946
18002760;0;0
18002761;0;0
18002762;-23,495075;-46,555094
18002763;-23,266268;-45,960655
18002764;-23,499833;-46,561106
18002765;0;0
18002766;-23,494106;-46,553747
18002767;-23,495247;-46,555325
18002768;0;0
18002769;-23,266035;-45,960262
18002770;-23,493581;-46,553017
18002771;-23,494908;-46,554864
18002772;-23,286655;-45,992386
18002773;-23,290247;-45,998009
18002774;-23,287168;-45,99319
18002775;-23,2199;-45,899399
18002776;-23,288196;-45,994794
18002777;-23,22025;-45,900657
18002778;-23,288099;-45,994701
18002779;-23,263965;-45,957016
18002780;-23,494406;-46,554156
18002781;-23,2892;-45,996399
18002782;-23,22025;-45,900657
18002783;-23,289231;-45,996403
18002784;0;0
18002785;-23,224742;-45,905118
18002786;-23,287426;-45,993589
18002787;-23,2962;-45,993999
18002788;-23,288;-45,993698
18002789;-23,2885;-45,995201
18002790;-23,28741;-45,993599
18002791;-23,264732;-45,958249
18002792;-23,507282;-46,571233
18002793;-23,507282;-46,571233
18002794;-23,265645;-45,95967
18002795;-23,220273;-45,900712
18002796;-23,218962;-45,89942
18002797;-23,264876;-45,95847
18002798;-23,265656;-45,959673
18002799;-23,289993;-45,997607
18002800;-23,263967;-45,957045
18002801;-23,220057;-45,900664
18002802;-23,265518;-45,959431
18002803;-23,290501;-45,998798
18002804;-23,289479;-45,9968
18002805;-23,265845;-45,959851
18002806;-23,264886;-45,958474
18002807;-23,224742;-45,905118
18002808;0;0
18002809;0;0
18002810;-23,290701;-45,998699
18002811;-23,526522;-46,588558
18002812;-23,264423;-45,957753
18002813;-23,288601;-45,994999
18002814;-23,218962;-45,89942
18002815;0;0
18002816;-23,493919;-46,553481
18002817;-23,264277;-45,957522
18002818;-23,266026;-45,960276
18002819;-23,526522;-46,588558
18002820;-23,264727;-45,958247
18002821;-23,2901;-45,998199
18002822;-23,2904;-45,998501
18002823;-23,265043;-45,958721
18002824;-23,263808;-45,95678
18002825;-23,288964;-45,995995
18002826;-23,265045;-45,958717
18002827;-23,265345;-45,959216
18002828;-23,265186;-45,958957
18002829;-23,264127;-45,957266
18002830;-23,220273;-45,900712
18002831;0;0
18002832;-23,2868;-45,992699
18002833;0;0
18002834;-23,265809;-45,959913
18002835;0;0
18002836;-23,264111;-45,957287
18002837;-23,287901;-45,9944
18002838;-23,264573;-45,957983
18002839;-23,220257;-45,900698
18002840;0;0
18002841;0;0
18002842;0;0
18002843;0;0
18002844;0;0
18002845;0;0
18002846;0;0
18002847;0;0
18002848;-23,218965;-45,899405
18002849;-23,218718;-47,100565
18002850;0;0
18002851;-23,22572;-45,906137
18002852;0;0
18002853;-23,218763;-45,899436
18002854;0;0
18002855;0;0
18002856;-23,2187;-45,899101
18002857;-23,2869;-45,992599
18002858;-23,218;-45,907101
18002859;-23,220042;-45,900685
18002860;-23,264239;-45,95751
18002861;-23,218965;-45,899405
18002862;-23,265184;-45,958965
18002863;-23,264549;-45,957995
18002864;0;0
18002865;0;0
18002866;0;0
18002867;-23,218718;-45,899435
18002868;-23,220042;-45,900685
18002869;0;0
18002870;0;0
18002871;0;0
18002872;0;0
18002873;0;0
18002874;0;0
18002875;0;0
18002876;0;0
18002877;0;0
18002878;0;0
18002879;0;0
18002880;0;0
18002881;0;0
18002882;0;0
18002883;0;0
18002884;0;0
18002885;0;0
18002886;0;0
18002887;0;0
18002888;0;0
18002889;-23,420099;-46,383202
18002890;0;0
18002891;0;0
18002892;0;0
18002893;0;0
18002894;0;0
18002895;0;0
18002896;0;0
18002897;0;0
18002898;0;0
18002899;0;0
18002900;0;0
18002901;0;0
18002902;0;0
18002903;0;0
18002904;0;0
18002905;0;0
18002906;0;0
18002907;0;0
18002908;0;0
18002909;0;0
18002910;0;0
18002911;0;0
18002912;0;0
18002913;0;0
18002914;0;0
18002915;0;0
18002916;0;0
18002917;0;0
18002918;-23,419776;-46,384373
18002919;0;0
18002920;0;0
18002921;0;0
18002922;0;0
18002923;0;0
18002924;0;0
18002925;0;0
18002926;0;0
18002927;0;0
18002928;0;0
18002929;0;0
18002930;0;0
18002931;0;0
18002932;0;0
18002933;0;0
18002934;0;0
18002935;0;0
18002936;0;0
18002937;0;0
18002938;0;0
18002939;0;0
18002940;0;0
18002941;0;0
18002942;0;0
18002943;0;0
18002944;0;0
18002945;0;0
18002946;0;0
18002947;0;0
18002948;0;0
18002949;0;0
18002950;0;0
18002951;0;0
18002952;0;0
18002953;-23,419201;-46,382127
18002954;0;0
18002955;-23,419855;-46,384658
18002956;0;0
18002957;0;0
18002958;0;0
18002959;0;0
18002960;0;0
18002961;-23,468575;-46,510003
18002962;0;0
18002963;0;0
18002964;0;0
18002965;0;0
18002966;-23,429528;-46,412617
18002967;-23,427477;-46,408494
18002968;-23,42748;-46,40878
18002969;0;0
18002970;-23,468739;-46,510544
18002971;0;0
18002972;-23,468739;-46,510544
18002973;-23,4291;-46,413502
18002974;0;0
18002975;-23,428577;-46,410846
18002976;-23,468599;-46,510799
18002977;0;0
18002978;-23,428467;-46,410581
18002979;-23,468828;-46,510825
18002980;-23,429501;-46,412998
18002981;-23,428898;-46,411643
18002982;-23,428114;-46,409787
18002983;-23,428352;-46,41031
18002984;-23,468914;-46,511106
18002985;0;0
18002986;0;0
18002987;0;0
18002988;0;0
18002989;0;0
18002990;-23,468914;-46,511106
18002991;0;0
18002992;-23,469008;-46,511392
18002993;-23,428258;-46,410036
18002994;-23,427278;-46,408569
18002995;-23,469008;-46,511392
18002996;-23,427979;-46,409529
18002997;0;0
18002998;0;0
18002999;-23,428616;-46,411112
18003000;-23,463539;-46,494733
18003001;0;0
18003002;-23,1668;-45,815498
18003003;0;0
18003004;0;0
18003005;0;0
18003006;-23,117555;-45,717779
18003007;-23,260037;-45,94965
18003008;-23,185962;-45,853194
18003009;-23,295326;-46,006234
18003010;-23,141835;-45,765443
18003011;0;0
18003012;0;0
18003013;-23,464394;-46,497989
18003014;0;0
18003015;0;0
18003016;0;0
18003017;-23,208099;-45,887402
18003018;0;0
18003019;0;0
18003020;0;0
18003021;0;0
18003022;0;0
18003023;-23,464911;-46,499367
18003024;0;0
18003025;0;0
18003026;0;0
18003027;-23,258307;-45,949064
18003028;-23,19801;-45,875831
18003029;-23,2376;-45,918999
18003030;0;0
18003031;0;0
18003032;-23,207801;-45,887484
18003033;0;0
18003034;0;0
18003035;0;0
18003036;0;0
18003037;-23,215197;-45,894887
18003038;-23,4669;-46,505001
18003039;0;0
18003040;0;0
18003041;-23,463997;-46,496886
18003042;0;0
18003043;-23,1863;-45,853199
18003044;0;0
18003045;0;0
18003046;0;0
18003047;-23,173401;-45,827702
18003048;0;0
18003049;0;0
18003051;0;0
18003052;-23,2061;-45,8862
18003053;-23,465103;-46,499911
18003054;0;0
18003055;0;0
18003056;0;0
18003057;0;0
18003058;-23,186227;-45,85274
18003059;0;0
18003060;0;0
18003061;0;0
18003062;-23,465944;-46,501611
18003063;0;0
18003064;-23,225789;-45,906319
18003065;0;0
18003066;0;0
18003067;-23,466931;-46,504986
18003068;-23,242599;-45,917702
18003069;0;0
18003070;0;0
18003071;0;0
18003072;-23,4657;-46,501801
18003073;0;0
18003074;-23,197885;-45,876043
18003075;-23,185801;-45,852901
18003076;0;0
18003077;-23,466714;-46,50375
18003078;-23,184999;-45,853901
18003079;0;0
18003080;-23,294396;-46,004681
18003081;0;0
18003082;-23,4664;-46,502899
18003083;0;0
18003084;-23,2377;-45,9189
18003085;0;0
18003086;-23,4638;-46,496339
18003087;0;0
18003088;-23,214568;-45,894906
18003089;0;0
18003090;-23,466136;-46,502142
18003091;0;0
18003092;0;0
18003093;0;0
18003094;-23,295932;-46,007485
18003095;-23,1187;-45,717602
18003096;0;0
18003097;-23,238199;-45,919201
18003098;-23,465797;-46,501825
18003099;0;0
18003100;-23,141717;-45,765499
18003101;0;0
18003102;-23,466175;-46,502858
18003103;0;0
18003104;0;0
18003105;-23,467428;-46,506389
18003106;0;0
18003107;-23,466083;-46,502614
18003108;-23,197701;-45,8759
18003109;-23,167228;-45,815195
18003110;0;0
18003111;-23,11808;-45,717639
18003112;-23,465308;-46,500467
18003113;0;0
18003114;-23,466083;-46,502614
18003115;0;0
18003116;-23,464094;-46,497158
18003117;-23,296487;-46,008315
18003118;-23,207655;-45,887519
18003119;0;0
18003120;0;0
18003121;0;0
18003122;-23,141947;-45,765364
18003123;-23,465408;-46,50075
18003124;-23,225789;-45,906319
18003125;-23,465308;-46,500467
18003126;0;0
18003127;-23,141821;-45,765749
18003128;0;0
18003129;0;0
18003130;0;0
18003131;0;0
18003132;-23,2384;-45,919498
18003133;-23,237499;-45,9188
18003134;0;0
18003136;-23,185835;-45,853615
18003137;0;0
18003138;-23,296487;-46,008315
18003139;-23,229187;-45,909787
18003140;-23,225509;-45,906073
18003141;-23,207505;-45,887354
18003142;0;0
18003143;0;0
18003144;-23,295728;-46,007099
18003145;-23,466439;-46,503617
18003146;-23,2598;-45,948799
18003147;0;0
18003148;-23,230152;-45,91111
18003149;-23,294951;-46,005571
18003150;0;0
18003151;-23,11808;-45,717639
18003152;0;0
18003153;-23,465989;-46,502353
18003154;-23,238001;-45,919201
18003155;-23,258843;-45,948907
18003156;0;0
18003157;-23,260099;-45,9505
18003158;0;0
18003159;-23,238899;-45,9202
18003160;-23,2388;-45,919998
18003161;-23,230027;-45,911462
18003162;0;0
18003163;0;0
18003164;0;0
18003165;-23,464911;-46,499367
18003166;-23,465989;-46,502353
18003167;0;0
18003168;-23,225509;-45,906073
18003169;0;0
18003170;0;0
18003171;0;0
18003172;0;0
18003173;-23,117551;-45,717895
18003174;-23,466261;-46,503111
18003175;0;0
18003176;0;0
18003177;0;0
18003178;-23,295522;-46,006672
18003179;-23,215349;-45,894852
18003180;0;0
18003181;-23,22359;-45,903732
18003182;0;0
18003183;-23,29468;-46,005113
18003184;-23,29468;-46,005113
18003185;0;0
18003186;-23,118154;-45,717779
18003187;-23,215637;-45,895171
18003188;-23,294396;-46,004681
18003189;-23,239599;-45,920601
18003190;-23,295326;-46,006234
18003191;0;0
18003192;0;0
18003193;-23,207617;-45,88764
18003194;-23,295728;-46,007099
18003195;0;0
18003196;-23,296487;-46,008315
18003197;0;0
18003198;-23,2388;-45,919498
18003199;-23,261499;-45,951401
18003200;0;0
18003201;-23,295522;-46,006672
18003202;-23,185901;-45,853552
18003203;-23,258843;-45,948907
18003204;0;0
18003205;0;0
18003206;0;0
18003207;-23,2383;-45,920101
18003208;-23,2384;-45,9203
18003209;-23,220827;-45,901177
18003210;-23,215718;-45,895258
18003211;-23,2383;-45,9198
18003212;0;0
18003213;-23,173687;-45,827774
18003214;0;0
18003215;0;0
18003216;-23,238139;-45,919589
18003217;-23,2153;-45,894699
18003218;-23,11766;-45,718104
18003219;-23,2379;-45,919102
18003220;-23,258843;-45,948907
18003221;0;0
18003222;-23,185835;-45,853615
18003223;0;0
18003224;-23,25657;-45,945258
18003225;-23,142318;-45,765478
18003226;0;0
18003227;0;0
18003228;0;0
18003229;0;0
18003230;-23,294951;-46,005571
18003231;0;0
18003232;0;0
18003233;-23,294951;-46,005571
18003234;0;0
18003235;0;0
18003236;0;0
18003237;-23,243099;-45,917
18003238;0;0
18003239;-23,207716;-45,88759
18003240;0;0
18003241;-23,487631;-46,544153
18003242;0;0
18003243;-23,237499;-45,9188
18003244;-23,260474;-45,950186
18003245;-23,294396;-46,004681
18003246;-23,229187;-45,909787
18003247;-23,214914;-45,895311
18003248;-23,225637;-45,905868
18003249;-23,173106;-45,82792
18003250;-23,295326;-46,006234
18003251;-23,230152;-45,91111
18003252;-23,2388;-45,920502
18003253;-23,254499;-45,9375
18003254;-23,230027;-45,911462
18003255;0;0
18003256;-23,238139;-45,919589
18003257;0;0
18003258;-23,19739;-45,876387
18003259;-23,229187;-45,909787
18003260;-23,24749;-45,931012
18003261;0;0
18003262;-23,295728;-46,007099
18003263;-23,22359;-45,903732
18003264;0;0
18003265;0;0
18003266;-23,467572;-46,506092
18003267;0;0
18003268;-23,33962;-46,15129
18003269;0;0
18003270;-23,487783;-46,544392
18003271;0;0
18003272;0;0
18003273;0;0
18003274;-23,33962;-46,15129
18003275;-23,3393;-46,15032
18003276;0;0
18003277;-23,33856;-46,14892
18003278;-23,458497;-46,481686
18003279;0;0
18003280;0;0
18003281;0;0
18003282;-23,225115;-45,905712
18003283;-23,225777;-45,90672
18003284;0;0
18003285;0;0
18003286;0;0
18003287;-23,487783;-46,544392
18003288;0;0
18003289;0;0
18003290;0;0
18003291;0;0
18003292;0;0
18003293;-23,2379;-45,919102
18003294;-23,295728;-46,007099
18003295;-23,259556;-45,949054
18003296;-23,294951;-46,005571
18003297;0;0
18003298;0;0
18003299;0;0
18003300;-23,25931;-45,948914
18003301;-23,238701;-45,9203
18003302;-23,295728;-46,007099
18003303;0;0
18003304;-23,229187;-45,909794
18003305;-23,2568;-45,945
18003306;-23,14216;-45,765244
18003307;0;0
18003308;0;0
18003309;0;0
18003310;-23,256464;-45,9448
18003311;0;0
18003312;0;0
18003313;-23,229193;-45,909801
18003314;0;0
18003315;-23,4557;-46,475201
18003316;0;0
18003317;-23,458497;-46,481686
18003318;0;0
18003319;0;0
18003320;0;0
18003321;0;0
18003322;0;0
18003323;0;0
18003324;0;0
18003325;0;0
18003326;0;0
18003327;0;0
18003328;0;0
18003329;-23,459467;-46,483997
18003330;-23,33887;-46,14941
18003331;0;0
18003332;0;0
18003333;0;0
18003334;0;0
18003335;0;0
18003336;0;0
18003337;0;0
18003338;0;0
18003339;0;0
18003340;0;0
18003341;-23,167199;-45,814804
18003342;-23,295522;-46,006672
18003343;-23,258568;-45,949778
18003344;-23,29468;-46,005113
18003345;0;0
18003346;0;0
18003347;0;0
18003348;-23,295326;-46,006234
18003349;-23,2208;-45,901199
18003350;-23,2292;-45,909785
18003351;-23,48795;-46,544622
18003352;0;0
18003353;0;0
18003354;0;0
18003355;-23,166901;-45,814899
18003356;-23,2145;-45,893299
18003357;0;0
18003358;0;0
18003359;-23,294631;-46,004493
18003360;-23,247492;-45,931021
18003361;0;0
18003362;0;0
18003363;-23,229208;-45,909782
18003364;0;0
18003365;0;0
18003366;-23,141706;-45,765617
18003367;-23,29588;-46,00574
18003368;0;0
18003369;0;0
18003370;0;0
18003371;-23,185774;-45,853449
18003372;0;0
18003373;0;0
18003374;-23,230027;-45,911462
18003375;0;0
18003376;0;0
18003377;0;0
18003378;-23,117594;-45,718052
18003379;0;0
18003380;0;0
18003381;0;0
18003382;0;0
18003383;0;0
18003384;-23,23042;-45,911853
18003385;0;0
18003386;-23,248508;-45,932622
18003387;0;0
18003388;0;0
18003389;-23,173361;-45,827854
18003390;-23,295326;-46,006234
18003391;-23,295522;-46,006672
18003392;0;0
18003393;-23,295728;-46,007099
18003394;0;0
18003395;0;0
18003396;0;0
18003397;0;0
18003398;0;0
18003399;0;0
18003400;-23,247479;-45,93101
18003401;0;0
18003402;-23,2612;-45,949799
18003403;0;0
18003404;0;0
18003405;-23,185774;-45,853449
18003406;0;0
18003407;0;0
18003408;0;0
18003409;-23,247479;-45,93101
18003410;0;0
18003411;0;0
18003412;0;0
18003413;0;0
18003414;0;0
18003415;0;0
18003416;0;0
18003417;0;0
18003418;-23,296249;-46,007979
18003419;0;0
18003420;-23,208094;-45,886952
18003421;0;0
18003422;-23,256454;-45,944766
18003423;0;0
18003424;0;0
18003425;0;0
18003426;0;0
18003427;0;0
18003428;-23,29588;-46,00574
18003429;-23,229187;-45,909794
18003430;0;0
18003431;0;0
18003432;0;0
18003433;-23,297097;-46,009004
18003434;-23,173266;-45,828198
18003435;-23,456919;-46,477956
18003436;0;0
18003437;-23,256468;-45,944792
18003438;0;0
18003439;0;0
18003440;0;0
18003441;-23,248508;-45,932622
18003442;0;0
18003443;-23,34125;-46,15518
18003444;-23,230027;-45,911462
18003445;0;0
18003446;-23,29527;-46,00529
18003447;-23,173106;-45,82792
18003448;0;0
18003449;0;0
18003450;0;0
18003451;-23,460539;-46,486606
18003452;0;0
18003453;-23,29588;-46,00574
18003454;0;0
18003455;0;0
18003456;0;0
18003457;0;0
18003458;0;0
18003459;0;0
18003460;0;0
18003461;0;0
18003462;0;0
18003463;0;0
18003464;-23,33893;-46,1494
18003465;-23,460439;-46,486314
18003466;0;0
18003467;0;0
18003468;0;0
18003469;0;0
18003470;0;0
18003471;-23,185774;-45,853449
18003472;0;0
18003473;0;0
18003474;0;0
18003475;-23,256468;-45,944792
18003476;0;0
18003477;0;0
18003478;-23,2961;-46,00616
18003479;-23,3393;-46,15032
18003480;0;0
18003481;-23,460325;-46,486
18003482;0;0
18003483;0;0
18003484;0;0
18003485;-23,29527;-46,00529
18003486;0;0
18003487;0;0
18003488;0;0
18003489;0;0
18003490;-23,173;-45,827999
18003491;-23,256459;-45,944807
18003492;0;0
18003493;0;0
18003494;0;0
18003495;-23,297097;-46,009004
18003496;0;0
18003497;0;0
18003498;0;0
18003499;0;0
18003500;-23,29588;-46,00574
18003501;-23,247492;-45,931021
18003502;0;0
18003503;-23,34149;-46,15509
18003504;0;0
18003505;0;0
18003506;-23,167072;-45,815296
18003507;0;0
18003508;-23,247492;-45,931021
18003509;-23,459664;-46,484514
18003510;0;0
18003511;-23,296777;-46,006901
18003512;-23,33893;-46,1494
18003513;0;0
18003514;-23,229193;-45,909801
18003515;0;0
18003516;-23,258416;-45,949588
18003517;0;0
18003518;0;0
18003519;0;0
18003520;0;0
18003521;-23,459664;-46,484514
18003522;0;0
18003523;0;0
18003524;0;0
18003525;0;0
18003526;0;0
18003527;0;0
18003528;0;0
18003529;-23,29763;-46,00869
18003530;0;0
18003531;0;0
18003532;0;0
18003533;-23,173266;-45,828198
18003534;-23,297205;-46,00697
18003535;-23,118008;-45,717518
18003536;0;0
18003537;0;0
18003538;0;0
18003539;0;0
18003540;-23,198047;-45,875887
18003541;0;0
18003542;-23,256459;-45,944807
18003543;-23,33893;-46,1494
18003544;0;0
18003545;-23,459939;-46,484969
18003546;-23,33856;-46,14892
18003547;0;0
18003548;0;0
18003549;-22,494256;-44,569781
18003550;0;0
18003551;-23,34149;-46,15509
18003552;0;0
18003553;0;0
18003554;0;0
18003555;-23,4576;-46,479558
18003556;-23,3393;-46,15032
18003557;0;0
18003558;0;0
18003559;-23,2961;-46,00616
18003560;-23,4576;-46,479558
18003561;0;0
18003562;-23,459033;-46,482967
18003563;-23,256454;-45,944766
18003564;0;0
18003565;0;0
18003566;-23,34125;-46,15518
18003567;0;0
18003568;-23,259399;-45,9552
18003569;0;0
18003570;-23,256464;-45,9448
18003571;-23,24749;-45,931012
18003572;0;0
18003573;0;0
18003574;0;0
18003575;0;0
18003576;-23,455799;-46,4753
18003577;-23,459564;-46,484258
18003578;0;0
18003579;0;0
18003580;0;0
18003581;0;0
18003582;-23,460325;-46,486
18003583;-23,247492;-45,931021
18003584;0;0
18003585;0;0
18003586;0;0
18003587;0;0
18003588;0;0
18003589;0;0
18003590;-23,459564;-46,484258
18003591;0;0
18003592;0;0
18003593;0;0
18003594;0;0
18003595;-23,34211;-46,15419
18003596;0;0
18003597;0;0
18003598;-23,3393;-46,15032
18003599;0;0
18003600;0;0
18003601;0;0
18003602;0;0
18003603;0;0
18003604;0;0
18003605;0;0
18003606;0;0
18003607;0;0
18003608;0;0
18003609;0;0
18003610;0;0
18003611;0;0
18003612;-23,297097;-46,009004
18003613;0;0
18003614;0;0
18003615;-23,220117;-45,899958
18003616;0;0
18003617;-23,296487;-46,008315
18003618;0;0
18003619;-23,467136;-46,505547
18003620;0;0
18003621;-23,456697;-46,477433
18003622;0;0
18003623;-23,29821;-46,00894
18003624;0;0
18003625;0;0
18003626;0;0
18003627;-23,33856;-46,14892
18003628;0;0
18003629;0;0
18003630;0;0
18003631;0;0
18003632;0;0
18003633;0;0
18003634;-23,34135;-46,15543
18003635;0;0
18003636;0;0
18003637;0;0
18003638;0;0
18003639;-23,296927;-46,006841
18003640;0;0
18003641;-23,29821;-46,00894
18003642;-23,3416;-46,155499
18003643;0;0
18003644;0;0
18003645;-23,3393;-46,15032
18003646;0;0
18003647;-23,457839;-46,480117
18003648;0;0
18003649;-23,460142;-46,485508
18003650;0;0
18003651;0;0
18003652;-23,33962;-46,15129
18003653;-23,29527;-46,00529
18003654;0;0
18003655;0;0
18003656;0;0
18003657;0;0
18003658;0;0
18003659;0;0
18003660;-23,33887;-46,14941
18003661;-23,459939;-46,484969
18003662;0;0
18003663;0;0
18003664;-23,459467;-46,483997
18003665;0;0
18003666;0;0
18003667;0;0
18003668;0;0
18003669;0;0
18003670;-23,29821;-46,00894
18003671;0;0
18003672;0;0
18003673;-23,467136;-46,505547
18003674;-23,33887;-46,14941
18003675;0;0
18003676;0;0
18003677;0;0
18003678;0;0
18003679;0;0
18003680;0;0
18003681;0;0
18003682;0;0
18003683;0;0
18003684;0;0
18003685;0;0
18003686;0;0
18003687;0;0
18003688;-23,225005;-45,90524
18003689;0;0
18003690;0;0
18003691;0;0
18003692;0;0
18003693;0;0
18003694;0;0
18003695;0;0
18003696;0;0
18003697;0;0
18003698;0;0
18003699;0;0
18003700;0;0
18003701;0;0
18003702;0;0
18003703;0;0
18003704;0;0
18003705;-23,459033;-46,482967
18003706;0;0
18003707;0;0
18003708;0;0
18003709;0;0
18003710;0;0
18003711;0;0
18003712;0;0
18003713;0;0
18003714;0;0
18003715;0;0
18003716;0;0
18003717;0;0
18003718;-23,524753;-46,586919
18003719;0;0
18003720;0;0
18003721;0;0
18003722;0;0
18003723;0;0
18003724;0;0
18003725;0;0
18003726;0;0
18003727;0;0
18003728;0;0
18003729;0;0
18003730;0;0
18003731;0;0
18003732;0;0
18003733;0;0
18003734;-23,466633;-46,504144
18003735;-23,466633;-46,504144
18003736;-23,466931;-46,504986
18003737;0;0
18003738;-23,2328;-45,913413
18003739;0;0
18003740;0;0
18003741;0;0
18003742;0;0
18003743;0;0
18003744;-23,48795;-46,544622
18003745;-23,225005;-45,90524
18003746;0;0
18003747;0;0
18003748;0;0
18003749;0;0
18003750;0;0
18003751;-23,467231;-46,505833
18003752;0;0
18003753;0;0
18003754;0;0
18003755;0;0
18003756;0;0
18003757;0;0
18003758;0;0
18003759;-23,219907;-45,899757
18003760;0;0
18003761;0;0
18003762;-23,488539;-46,545508
18003763;0;0
18003764;-23,488539;-46,545508
18003765;0;0
18003766;-23,507978;-46,571483
18003767;-23,224857;-45,905037
18003768;0;0
18003769;0;0
18003770;0;0
18003771;0;0
18003772;0;0
18003773;0;0
18003774;0;0
18003775;-23,225637;-45,905868
18003776;0;0
18003777;0;0
18003778;0;0
18003779;0;0
18003780;-23,460539;-46,486606
18003781;0;0
18003782;0;0
18003783;0;0
18003784;0;0
18003785;-23,507978;-46,571483
18003786;0;0
18003787;-23,224857;-45,905037
18003788;-23,507744;-46,571264
18003789;0;0
18003790;0;0
18003791;0;0
18003792;0;0
18003793;-23,524988;-46,587108
18003794;0;0
18003795;0;0
18003796;0;0
18003797;-23,460439;-46,486314
18003798;0;0
18003799;0;0
18003800;0;0
18003801;0;0
18003802;-23,460814;-46,487433
18003803;0;0
18003804;0;0
18003805;0;0
18003806;0;0
18003807;0;0
18003808;0;0
18003809;0;0
18003810;0;0
18003811;0;0
18003812;0;0
18003813;0;0
18003814;0;0
18003815;0;0
18003816;0;0
18003817;0;0
18003818;0;0
18003819;0;0
18003820;0;0
18003821;0;0
18003822;0;0
18003823;-23,225248;-45,905422
18003824;0;0
18003825;0;0
18003826;0;0
18003827;0;0
18003828;-23,21931;-45,899177
18003829;-23,259985;-45,950463
18003830;0;0
18003831;0;0
18003832;0;0
18003833;0;0
18003834;0;0
18003835;0;0
18003836;0;0
18003837;-23,21931;-45,899177
18003838;0;0
18003839;0;0
18003840;0;0
18003841;0;0
18003842;-23,219193;-45,898887
18003843;0;0
18003844;0;0
18003845;-23,467531;-46,506683
18003846;0;0
18003847;-23,218955;-45,898713
18003848;0;0
18003849;-23,467531;-46,506683
18003850;0;0
18003851;-23,220117;-45,899958
18003852;0;0
18003853;0;0
18003854;0;0
18003855;0;0
18003856;-23,467625;-46,506975
18003857;0;0
18003858;-23,219193;-45,898887
18003859;0;0
18003860;0;0
18003861;0;0
18003862;0;0
18003863;-23,466744;-46,504442
18003864;0;0
18003865;-23,2328;-45,913413
18003866;-23,219907;-45,899757
18003867;0;0
18003868;0;0
18003869;0;0
18003870;0;0
18003871;-23,467625;-46,506975
18003872;0;0
18003873;0;0
18003874;0;0
18003875;-23,218955;-45,898713
18003876;-23,219907;-45,899757
18003877;0;0
18003878;-23,467028;-46,505261
18003879;0;0
18003880;0;0
18003881;-23,507744;-46,571264
18003882;0;0
18003883;0;0
18003884;-23,219907;-45,899757
18003885;0;0
18003886;0;0
18003887;0;0
18003888;0;0
18003889;0;0
18003890;0;0
18003891;0;0
18003892;0;0
18003893;0;0
18003894;-23,467819;-46,507519
18003895;0;0
18003896;0;0
18003897;-23,489581;-46,546708
18003898;0;0
18003899;0;0
18003900;-23,489581;-46,546708
18003901;0;0
18003902;-23,489411;-46,546447
18003903;-23,489411;-46,546447
18003904;0;0
18003905;-23,489242;-46,546169
18003906;0;0
18003907;-23,225777;-45,90672
18003908;-23,467819;-46,507519
18003909;0;0
18003910;0;0
18003911;0;0
18003912;0;0
18003913;0;0
18003914;0;0
18003915;0;0
18003916;0;0
18003917;-23,489242;-46,546169
18003918;-23,471022;-46,517428
18003919;0;0
18003920;-23,489069;-46,545903
18003921;0;0
18003922;0;0
18003923;0;0
18003924;-23,259985;-45,950463
18003925;0;0
18003926;0;0
18003927;0;0
18003928;-23,489069;-46,545903
18003929;0;0
18003930;0;0
18003931;0;0
18003932;-23,471133;-46,517681
18003933;-23,466847;-46,504747
18003934;-23,466847;-46,504747
18003935;0;0
18003936;0;0
18003937;0;0
18003938;0;0
18003939;-23,225115;-45,905712
18003940;-23,488069;-46,544369
18003941;-23,225248;-45,905422
18003942;0;0
18003943;0;0
18003944;0;0
18003945;0;0
18003946;-23,23042;-45,911853
18003947;-23,219907;-45,899757
18003948;-23,471022;-46,517428
18003949;-23,488553;-46,545119
18003950;-23,488553;-46,545119
18003951;0;0
18003952;0;0
18003953;0;0
18003954;-23,488392;-46,544867
18003955;-23,488392;-46,544867
18003956;0;0
18003957;-23,488222;-46,544617
18003958;-23,488222;-46,544617
18003959;0;0
18003960;0;0
18003961;-23,420317;-46,386342
18003962;0;0
18003963;-23,417085;-46,374556
18003964;0;0
18003965;0;0
18003966;-23,417133;-46,37485
18003967;0;0
18003968;0;0
18003969;0;0
18003970;0;0
18003971;-23,488069;-46,544369
18003972;0;0
18003973;-23,440994;-46,439426
18003974;0;0
18003975;0;0
18003976;0;0
18003977;-23,4261;-46,403985
18003978;0;0
18003979;0;0
18003980;-23,42024;-46,386061
18003981;0;0
18003982;-23,440927;-46,439152
18003983;0;0
18003984;0;0
18003985;0;0
18003986;0;0
18003987;0;0
18003988;0;0
18003989;0;0
18003990;0;0
18003991;-23,427355;-46,407536
18003992;-23,42742;-46,407837
18003993;-23,507517;-46,571042
18003994;-23,427231;-46,407275
18003995;-23,420008;-46,385217
18003996;0;0
18003997;-23,507517;-46,571042
18003998;-23,426216;-46,404255
18003999;0;0
18004000;-23,464858;-46,498586
18004001;-23,4139;-46,361599
18004002;-23,435363;-46,427716
18004003;-23,418104;-46,378817
18004004;-23,227553;-45,908057
18004005;-23,221983;-45,90205
18004006;0;0
18004007;0;0
18004008;-23,222708;-45,902908
18004009;-23,423171;-46,396092
18004010;0;0
18004011;-23,222708;-45,902908
18004012;-23,222243;-45,902308
18004013;-23,492094;-46,550961
18004014;0;0
18004015;-23,227498;-45,907983
18004016;-23,491933;-46,550714
18004017;-23,461644;-46,491306
18004018;-23,507258;-46,571506
18004019;-23,482283;-46,535775
18004020;-23,22199;-45,902022
18004021;-23,435726;-46,427816
18004022;-23,227498;-45,907983
18004023;-23,230763;-45,912083
18004024;-23,25813;-45,947663
18004025;0;0
18004026;-23,222708;-45,902888
18004027;-23,418826;-46,381357
18004028;-23,422918;-46,396222
18004029;-23,425115;-46,402538
18004030;-23,418825;-46,381013
18004031;-23,423723;-46,398718
18004032;-23,423819;-46,398993
18004033;-23,222243;-45,904642
18004034;-23,423539;-46,398167
18004035;0;0
18004036;-23,458572;-46,481272
18004037;0;0
18004038;-23,227583;-45,908105
18004039;-23,423;-46,396099
18004040;0;0
18004041;-23,221983;-45,902007
18004042;-23,424898;-46,401993
18004043;-23,22755;-45,908047
18004044;-23,222243;-45,902308
18004045;-23,423628;-46,398439
18004046;-23,4244;-46,400633
18004047;-23,223042;-45,903248
18004048;-23,227583;-45,908105
18004049;0;0
18004050;-23,222708;-45,902888
18004051;0;0
18004052;-23,419257;-46,381733
18004053;-23,424102;-46,39981
18004054;-23,227547;-45,908042
18004055;-23,220363;-45,900078
18004056;-23,222708;-45,902888
18004058;-23,221983;-45,90205
18004059;-23,419148;-46,382906
18004060;-23,419059;-46,381861
18004061;-23,424205;-46,400099
18004062;0;0
18004063;0;0
18004064;-23,413799;-46,361599
18004065;-23,422999;-46,396507
18004066;0;0
18004067;-23,424795;-46,401716
18004068;-23,424295;-46,400365
18004069;-23,424698;-46,401444
18004070;0;0
18004071;-23,418178;-46,379108
18004072;-23,220265;-45,900205
18004073;-23,220363;-45,900078
18004074;-23,423909;-46,399258
18004075;-23,227553;-45,908057
18004076;-23,227547;-45,908042
18004077;-23,469586;-46,512514
18004078;-23,4246;-46,401173
18004079;0;0
18004080;-23,227547;-45,908042
18004081;-23,220267;-45,900215
18004082;-23,4139;-46,362099
18004083;0;0
18004084;-23,221983;-45,902007
18004085;-23,25657;-45,945258
18004086;-23,223042;-45,903248
18004087;0;0
18004088;-23,220267;-45,900272
18004089;-23,425699;-46,4039
18004090;-23,220267;-45,900215
18004091;-23,42345;-46,397892
18004092;-23,426859;-46,406826
18004093;-23,492592;-46,551661
18004094;-23,222708;-45,902888
18004095;0;0
18004096;-23,22755;-45,908047
18004097;-23,222708;-45,902888
18004098;-23,222243;-45,904642
18004099;-23,220267;-45,900205
18004100;-23,222243;-45,902308
18004101;-23,425006;-46,402265
18004103;-23,460314;-46,491189
18004104;-23,220267;-45,900272
18004105;-23,492094;-46,550961
18004106;0;0
18004107;-23,492247;-46,551183
18004108;-23,461389;-46,4912
18004109;0;0
18004110;-23,41827;-46,379385
18004111;-23,462933;-46,493428
18004112;0;0
18004113;-23,4296;-46,401402
18004114;-23,227547;-45,908042
18004115;-23,4662;-46,501999
18004116;-23,220265;-45,900205
18004117;-23,477097;-46,527667
18004118;-23,418336;-46,379671
18004119;-23,462528;-46,492333
18004120;-23,418491;-46,380237
18004121;-23,222243;-45,902308
18004122;-23,220267;-45,900205
18004123;-23,231559;-45,912465
18004124;0;0
18004125;0;0
18004126;0;0
18004127;-23,490711;-46,548958
18004128;-23,523831;-46,586732
18004129;0;0
18004130;-23,22199;-45,902022
18004131;-23,222708;-45,902888
18004132;0;0
18004133;-23,491933;-46,550714
18004134;-23,462092;-46,491628
18004135;-23,2143;-45,8946
18004136;-23,227553;-45,90807
18004137;0;0
18004138;-23,418652;-46,380799
18004139;-23,519084;-46,582517
18004140;0;0
18004141;-23,227498;-45,907983
18004142;0;0
18004143;-23,519489;-46,582872
18004144;-23,462267;-46,491831
18004145;-23,523438;-46,586424
18004146;-23,520922;-46,583903
18004147;-23,523225;-46,586255
18004148;-23,25657;-45,945258
18004149;-23,521514;-46,584469
18004150;-23,25657;-45,945258
18004151;-23,492428;-46,551433
18004152;-23,477097;-46,527667
18004153;-23,519084;-46,582517
18004154;-23,426213;-46,40487
18004155;-23,492592;-46,551661
18004156;-23,419056;-46,382184
18004157;-23,462411;-46,492072
18004158;-23,490864;-46,549194
18004159;-23,460853;-46,491141
18004160;-23,468192;-46,508044
18004161;-23,25813;-45,947663
18004162;-23,227553;-45,90807
18004163;0;0
18004164;-23,230763;-45,912083
18004165;-23,492942;-46,552136
18004166;-23,491292;-46,549836
18004167;-23,492247;-46,551183
18004168;-23,492769;-46,551906
18004169;-23,492942;-46,552136
18004170;-23,422375;-46,394221
18004171;0;0
18004172;-23,2145;-45,894199
18004173;-23,507281;-46,570831
18004174;-23,507281;-46,570831
18004175;-23,230763;-45,912083
18004176;0;0
18004177;-23,257942;-45,947438
18004178;-23,456097;-46,474289
18004179;0;0
18004180;0;0
18004181;0;0
18004182;0;0
18004183;-23,492769;-46,551906
18004184;-23,522806;-46,58591
18004185;0;0
18004186;-23,491156;-46,549642
18004187;-23,454103;-46,473039
18004188;-23,227498;-45,907983
18004189;-23,4186;-46,380402
18004190;-23,460583;-46,491167
18004191;-23,413799;-46,361198
18004192;-23,453994;-46,472781
18004193;-23,453881;-46,4725
18004194;-23,519489;-46,582872
18004195;-23,470189;-46,514453
18004196;-23,522586;-46,585743
18004197;-23,464858;-46,498586
18004198;-23,526303;-46,588381
18004199;-23,470189;-46,514453
18004200;-23,426016;-46,404343
18004201;0;0
18004202;-23,22359;-45,903732
18004203;-23,230303;-45,911008
18004204;-23,523831;-46,586732
18004205;-23,491156;-46,549642
18004206;-23,523643;-46,586598
18004207;-23,453806;-46,472306
18004208;-23,458681;-46,481547
18004209;-23,491017;-46,549425
18004210;-23,413099;-46,363201
18004211;0;0
18004212;-23,166897;-45,815546
18004213;-23,142232;-45,765346
18004214;0;0
18004215;-23,491292;-46,549836
18004216;0;0
18004217;-23,492428;-46,551433
18004218;0;0
18004219;0;0
18004220;-23,458903;-46,482067
18004221;-23,258732;-45,948637
18004222;-23,454217;-46,473306
18004223;-23,458789;-46,481811
18004224;-23,461953;-46,491736
18004225;-23,235535;-45,916657
18004226;-23,2507;-45,9529
18004227;0;0
18004228;0;0
18004229;-23,235515;-45,916658
18004230;0;0
18004231;-23,235535;-45,916657
18004232;0;0
18004233;0;0
18004234;-23,185925;-45,853715
18004235;-23,479969;-46,532153
18004236;-23,523438;-46,586424
18004237;-23,517831;-46,581297
18004238;0;0
18004239;-23,230763;-45,912083
18004240;0;0
18004241;-23,523643;-46,586598
18004242;-23,22359;-45,903732
18004243;-23,235535;-45,916657
18004244;-23,461114;-46,491144
18004245;-23,118099;-45,7178
18004246;0;0
18004247;-23,462162;-46,492289
18004248;-23,511617;-46,575741
18004249;-23,22359;-45,903732
18004250;0;0
18004251;-23,117399;-45,715302
18004252;-23,258709;-45,949887
18004253;-23,1166;-45,7173
18004254;-23,16699;-45,815673
18004255;-23,456269;-46,475172
18004256;-23,496311;-46,557486
18004257;-23,234895;-45,91598
18004258;0;0
18004259;-23,234706;-45,915725
18004260;0;0
18004261;-23,258732;-45,948637
18004262;-23,427065;-46,407046
18004263;-23,479969;-46,532153
18004264;0;0
18004265;-23,22359;-45,903732
18004266;0;0
18004267;-23,261101;-45,950298
18004268;-23,267339;-45,96234
18004269;0;0
18004270;-23,236603;-45,917828
18004271;-23,215;-45,893299
18004272;-23,230303;-45,911008
18004273;-23,501697;-46,564178
18004274;-23,501697;-46,564178
18004275;-23,522806;-46,58591
18004276;-23,232326;-45,913281
18004277;0;0
18004278;0;0
18004279;-23,237301;-45,9184
18004280;0;0
18004281;-23,22359;-45,903732
18004282;-23,461906;-46,491464
18004283;-23,257942;-45,947438
18004284;-23,523001;-46,586063
18004285;-23,521581;-46,585088
18004286;-23,25657;-45,945258
18004287;-23,517831;-46,581297
18004288;0;0
18004289;-23,511811;-46,575569
18004290;0;0
18004291;0;0
18004292;-23,197579;-45,876224
18004293;-23,235535;-45,916657
18004294;0;0
18004295;-23,230303;-45,911008
18004296;-23,22359;-45,903732
18004297;-23,258843;-45,948907
18004298;0;0
18004299;-23,523225;-46,586255
18004300;0;0
18004301;-23,523001;-46,586063
18004302;0;0
18004303;-23,500622;-46,562619
18004304;-23,234706;-45,915725
18004305;0;0
18004306;-23,521514;-46,584469
18004307;-23,500622;-46,562619
18004308;0;0
18004309;-23,501867;-46,564436
18004310;-23,501867;-46,564436
18004311;0;0
18004312;0;0
18004313;0;0
18004314;-23,142066;-45,765283
18004315;0;0
18004316;-23,230303;-45,911008
18004317;-23,259199;-45,948502
18004318;-23,46225;-46,492539
18004319;0;0
18004320;0;0
18004321;-23,456856;-46,477219
18004322;-23,234901;-45,915972
18004323;0;0
18004324;0;0
18004325;-23,520922;-46,583903
18004326;0;0
18004327;0;0
18004328;-23,166958;-45,81559
18004329;0;0
18004330;0;0
18004331;0;0
18004332;0;0
18004333;-23,438505;-46,434209
18004334;0;0
18004335;0;0
18004336;-23,44064;-46,438331
18004337;0;0
18004338;-23,4137;-46,362701
18004339;-23,447967;-46,457042
18004340;0;0
18004341;0;0
18004342;-23,258843;-45,948907
18004343;-23,117577;-45,717857
18004344;-23,424108;-46,399464
18004345;0;0
18004346;0;0
18004347;-23,197955;-45,875778
18004348;-23,19796;-45,875715
18004349;-23,258732;-45,948637
18004350;0;0
18004351;-23,197637;-45,876242
18004352;0;0
18004353;-23,236603;-45,917828
18004354;-23,4139;-46,361301
18004355;-23,283574;-45,987611
18004356;0;0
18004357;0;0
18004358;0;0
18004359;-23,456269;-46,475172
18004360;-23,235482;-45,916685
18004361;-23,438605;-46,434668
18004362;-23,501342;-46,563664
18004363;-23,501342;-46,563664
18004364;-23,447977;-46,457675
18004365;-23,282801;-45,986198
18004366;-23,4142;-46,363998
18004367;-23,465099;-46,498001
18004368;0;0
18004369;0;0
18004370;0;0
18004371;-23,234895;-45,915949
18004372;0;0
18004373;-23,43851;-46,435024
18004374;-23,456147;-46,474544
18004375;0;0
18004376;0;0
18004377;0;0
18004378;-23,451858;-46,466018
18004379;-23,501514;-46,563917
18004380;-23,501514;-46,563917
18004381;-23,44819;-46,457576
18004382;-23,426767;-46,405565
18004383;-23,500981;-46,563142
18004384;-23,235542;-45,91664
18004385;-23,500981;-46,563142
18004386;0;0
18004387;0;0
18004388;0;0
18004389;0;0
18004390;-23,166865;-45,815462
18004391;-23,285138;-45,990022
18004392;-23,456136;-46,475439
18004393;0;0
18004394;0;0
18004395;-23,427444;-46,407159
18004396;-23,235535;-45,916657
18004397;0;0
18004398;-23,456167;-46,475361
18004399;0;0
18004400;-23,42672;-46,406236
18004401;-23,425786;-46,403809
18004402;0;0
18004403;0;0
18004404;-23,42628;-46,405166
18004405;-23,426833;-46,406509
18004406;-23,426122;-46,404591
18004407;0;0
18004408;0;0
18004409;-23,232326;-45,913281
18004410;-23,11796;-45,717815
18004411;-22,4136;-47,3604
18004412;-23,456492;-46,476261
18004413;0;0
18004414;-23,425899;-46,404078
18004415;-23,234895;-45,91598
18004416;-23,438392;-46,433942
18004417;-23,258416;-45,949588
18004418;-23,449969;-46,461861
18004419;-23,501158;-46,563411
18004420;-23,501158;-46,563411
18004421;0;0
18004422;0;0
18004423;0;0
18004424;-23,452103;-46,466206
18004425;-23,44976;-46,461319
18004426;-23,440738;-46,438608
18004427;-23,456308;-46,475414
18004428;0;0
18004429;0;0
18004430;0;0
18004431;-23,456056;-46,475389
18004432;-23,452777;-46,467808
18004433;-23,415055;-46,367806
18004434;0;0
18004435;0;0
18004436;-23,446409;-46,453925
18004437;0;0
18004438;-23,456992;-46,477486
18004439;0;0
18004440;0;0
18004441;0;0
18004442;-23,500803;-46,562878
18004443;0;0
18004444;-23,4137;-46,361198
18004445;0;0
18004446;0;0
18004447;-23,500803;-46,562878
18004448;-23,4137;-46,361099
18004449;-23,235535;-45,916657
18004450;-23,232894;-45,913925
18004451;0;0
18000602;-23,421632;-46,391085
18002707;-23,468575;-46,510003
18003050;0;0
18003135;0;0
18004057;0;0
18004102;0;0
18004452;0;0
18004453;-23,4137;-46,361
18004454;-23,415077;-46,367236
18004455;0;0
18004456;-23,447753;-46,45714
18004457;-23,235515;-45,916658
18004458;-23,414801;-46,367901
18004459;0;0
18004460;0;0
18004461;0;0
18004462;-23,413601;-46,361301
18004463;0;0
18004464;-23,236592;-45,917845
18004465;-23,166885;-45,81539
18004466;0;0
18004467;0;0
18004468;-23,23661;-45,917808
18004469;-23,235535;-45,916657
18004470;-23,167299;-45,814899
18004471;-23,235482;-45,916685
18004472;-23,451967;-46,46629
18004473;-23,4137;-46,360401
18004474;-23,434495;-46,42395
18004475;0;0
18004476;-23,422438;-46,395452
18004477;0;0
18004478;-23,234706;-45,915719
18004479;-23,285127;-45,990015
18004480;-23,285626;-45,990781
18004481;-23,283001;-45,986801
18004482;-23,283899;-45,9879
18004483;-23,2854;-45,9902
18004484;-23,2862;-45,991798
18004485;-23,285999;-45,991001
18004486;-23,285601;-45,990101
18004487;-23,446061;-46,452495
18004488;-23,28384;-45,988013
18004489;-23,286395;-45,991983
18004490;-23,23661;-45,917808
18004491;-23,2831;-45,986698
18004492;-23,282767;-45,986373
18004493;-23,284201;-45,989201
18004494;-23,283701;-45,9874
18004495;-23,28461;-45,989207
18004496;-23,261299;-45,950001
18004497;-23,2845;-45,988602
18004498;-23,234706;-45,915719
18004499;-23,234895;-45,915949
18004500;0;0
18004501;-23,28614;-45,991591
18004502;-23,234901;-45,915972
18004503;0;0
18004504;-23,235542;-45,91664
18004505;-23,285884;-45,991198
18004506;-23,2666;-45,9618
18004507;-23,267496;-45,962575
18004508;-23,469531;-46,513083
18004509;-23,2731;-45,959599
18004510;0;0
18004511;-23,26659;-45,96111
18004512;-23,490858;-46,54875
18004513;0;0
18004514;0;0
18004515;0;0
18004516;-23,460886;-46,487656
18004517;-23,420527;-46,38718
18004518;-23,267799;-45,963902
18004519;-23,461311;-46,488772
18004520;-23,469506;-46,512236
18004521;-23,460886;-46,487656
18004522;-23,267;-45,9622
18004523;-23,447498;-46,45598
18004524;-23,511178;-46,574608
18004525;-23,501319;-46,564133
18004526;-23,286126;-45,991583
18004527;0;0
18004528;0;0
18004529;0;0
18004530;-23,268116;-45,963545
18004531;-23,46545;-46,500231
18004532;-23,284095;-45,988413
18004533;-23,284;-45,988499
18004534;-23,283301;-45,987198
18004535;0;0
18004536;-23,434381;-46,425289
18004537;0;0
18004538;-23,267803;-45,963061
18004539;-23,482122;-46,535525
18004540;-23,434964;-46,426623
18004541;-23,285601;-45,990799
18004542;-23,284866;-45,989627
18004543;-23,2668;-45,9618
18004544;-23,511178;-46,574608
18004545;-23,2833;-45,987192
18004546;-23,2677;-45,963402
18004547;-23,2848;-45,989601
18004548;-23,483044;-46,536967
18004549;-23,266876;-45,961607
18004550;-23,500956;-46,563597
18004551;-23,269501;-45,961201
18004552;-23,478261;-46,529503
18004553;-23,501144;-46,563864
18004554;-23,434658;-46,425806
18004555;0;0
18004556;0;0
18004557;-23,2677;-45,961498
18004558;-23,268279;-45,96379
18004559;0;0
18004560;-23,268299;-45,963402
18004561;-23,267814;-45,963059
18004562;-23,2686;-45,9646
18004563;-23,268588;-45,964262
18004564;-23,266728;-45,961348
18004565;-23,268499;-45,964199
18004566;-23,2631;-45,965401
18004567;-23,26768;-45,962787
18004568;-23,2668;-45,961899
18004569;-23,267349;-45,962336
18004570;-23,266287;-45,960632
18004571;0;0
18004572;-23,2663;-45,962399
18004573;-23,501144;-46,563864
18004574;-23,500956;-46,563597
18004575;-23,435743;-46,428405
18004576;-23,435948;-46,428923
18004577;-23,267502;-45,962578
18004578;-23,267653;-45,962814
18004579;-23,461311;-46,488772
18004580;-23,447293;-46,455438
18004581;0;0
18004582;-23,434521;-46,424907
18004583;0;0
18004584;0;0
18004585;-23,447401;-46,456342
18004586;-23,2668;-45,961201
18004587;-23,26981;-45,966183
18004588;0;0
18004589;-23,5015;-46,564389
18004590;-23,269199;-45,965222
18004591;-23,2691;-45,964802
18004592;-23,269367;-45,965473
18004593;-23,435878;-46,428328
18004594;-23,424314;-46,401275
18004595;-23,27;-45,966301
18004596;-23,466239;-46,502419
18004597;0;0
18004598;-23,447407;-46,455704
18004599;-23,2687;-45,964699
18004600;-23,466425;-46,50295
18004601;0;0
18004602;-23,269201;-45,965213
18004603;-23,268801;-45,9646
18004604;-23,434851;-46,425716
18004605;-23,499672;-46,560864
18004606;-23,413601;-46,361198
18004607;-23,269512;-45,965698
18004608;0;0
18004609;-23,435983;-46,428577
18004610;-23,434408;-46,424641
18004611;-23,2911;-45,999001
18004612;-23,269664;-45,965942
18004613;-23,291201;-45,999001
18004614;-23,433875;-46,42393
18004615;-23,269984;-45,966462
18004616;0;0
18004617;-23,269363;-45,965464
18004618;-23,435172;-46,426526
18004619;-23,269652;-45,965927
18004620;-23,434216;-46,424731
18004621;-23,435842;-46,428669
18004622;-23,26905;-45,964978
18004623;-23,269816;-45,966186
18004624;0;0
18004625;-23,465847;-46,501331
18004626;-23,291534;-46,000014
18004627;-23,2918;-46,000301
18004628;-23,464172;-46,496686
18004629;-23,466325;-46,502669
18004630;-23,464172;-46,496686
18004631;-23,292319;-46,001226
18004632;-23,2911;-45,999599
18004633;-23,463911;-46,495842
18004634;-23,466039;-46,501878
18004635;-23,292056;-46,00082
18004636;-23,292066;-46,000819
18004637;0;0
18004638;-23,465744;-46,50105
18004639;-23,281601;-45,9841
18004640;-23,291401;-46,000401
18004641;-23,464078;-46,496425
18004642;0;0
18004643;-23,2924;-46,001598
18004644;-23,291283;-45,999613
18004645;-23,465744;-46,50105
18004646;-23,466325;-46,502669
18004647;-23,269515;-45,965712
18004648;-23,2922;-46,001301
18004649;-23,297001;-45,995602
18004650;-23,263341;-45,956082
18004651;-23,26208;-45,954124
18004652;-23,26239;-45,954618
18004653;-23,26365;-45,956539
18004654;-23,463633;-46,495008
18004655;-23,464078;-46,496425
18004656;-23,466425;-46,50295
18004657;-23,465847;-46,501331
18004658;0;0
18004659;-23,263807;-45,956784
18004660;-23,263643;-45,956563
18004661;-23,263031;-45,955601
18004662;-23,463911;-46,495842
18004663;-23,463981;-46,496142
18004664;-23,263023;-45,95558
18004665;-23,263496;-45,956304
18004666;-23,466039;-46,501878
18004667;-23,463633;-46,495008
18004668;-23,263497;-45,956302
18004669;-23,262717;-45,955087
18004670;-23,261717;-45,953528
18004671;-23,463817;-46,495561
18004672;-23,466239;-46,502419
18004673;-23,263339;-45,956069
18004674;-23,463981;-46,496142
18004675;-23,463817;-46,495561
18004676;-23,262545;-45,954843
18004677;-23,274599;-45,9734
18004678;-23,424582;-46,400221
18004679;-23,423481;-46,396909
18004680;-23,273399;-45,972
18004681;-23,274099;-45,973
18004682;-23,42365;-46,397465
18004683;0;0
18004684;-23,420399;-46,386609
18004685;-23,438715;-46,434933
18004686;-23,423902;-46,3983
18004687;-23,2761;-45,975601
18004688;-23,446731;-46,454096
18004689;-23,262222;-45,954382
18004690;0;0
18004691;-23,262093;-45,954138
18004692;-23,2735;-45,971901
18004693;-23,262381;-45,954615
18004694;-23,262546;-45,954855
18004695;-23,261905;-45,953904
18004696;-23,261614;-45,953373
18004697;-23,26193;-45,953896
18004698;-23,261156;-45,952685
18004699;-23,274401;-45,9734
18004700;-23,50065;-46,561231
18004701;-23,262244;-45,954372
18004702;-23,273863;-45,972472
18004703;-23,262697;-45,955102
18004704;-23,420837;-46,388305
18004705;-23,424508;-46,400556
18004706;-23,445853;-46,452589
18004707;-23,273841;-45,97246
18004708;-23,425641;-46,403538
18004709;-23,278407;-45,97958
18004710;0;0
18004711;-23,261147;-45,952678
18004712;-23,279416;-45,981096
18004713;-23,423394;-46,397248
18004714;-23,46545;-46,500231
18004715;-23,423729;-46,398362
18004716;0;0
18004717;-23,42045;-46,386899
18004718;-23,261482;-45,953152
18004719;0;0
18004720;-23,277315;-45,977876
18004721;-23,261743;-45,953577
18004722;-23,414922;-46,367238
18004723;-23,261473;-45,953161
18004724;-23,260997;-45,952439
18004725;-23,425722;-46,4032
18004726;-23,424682;-46,400494
18004727;-23,502192;-46,559428
18004728;-46,433998;-46,433998
18004729;0;0
18004730;-23,424987;-46,401919
18004731;-23,249925;-45,935147
18004732;-23,456206;-46,474861
18004733;-23,425281;-46,402132
18004734;-23,276699;-45,9767
18004735;-23,272913;-45,970996
18004736;-23,293605;-46,003207
18004737;0;0
18004738;-23,456542;-46,476508
18004739;-23,276954;-45,977254
18004740;-23,456308;-46,475414
18004741;-23,456097;-46,474289
18004742;0;0
18004743;-23,456117;-46,473981
18004744;-23,450467;-46,462241
18004745;-23,293862;-46,003617
18004746;-23,456375;-46,475714
18004747;-23,272699;-45,970402
18004748;-23,2756;-45,9753
18004749;-23,414985;-46,366031
18004750;-23,276931;-45,977273
18004751;-23,465053;-46,499131
18004752;-23,274135;-45,97291
18004753;0;0
18004754;0;0
18004755;-23,2752;-45,9748
18004756;-23,277;-45,9776
18004757;-23,2824;-45,985901
18004758;-23,2757;-45,975315
18004759;-23,501111;-46,560292
18004760;-23,470722;-46,516664
18004761;-23,2946;-46,004101
18004762;-23,277325;-45,977879
18004763;-23,2759;-45,9757
18004764;-23,277201;-45,977402
18004765;-23,272961;-45,970958
18004766;-23,415001;-46,367298
18004767;-23,456217;-46,473647
18004768;0;0
18004769;0;0
18004770;-23,276622;-45,97675
18004771;-23,249703;-45,934827
18004772;-23,27842;-45,979582
18004773;0;0
18004774;-23,490711;-46,548958
18004775;-23,27538;-45,974838
18004776;-23,427184;-46,407635
18004777;-23,425301;-46,403
18004778;-23,275115;-45,97441
18004779;-23,282265;-45,985556
18004780;-23,500919;-46,562267
18004781;-23,500656;-46,560933
18004782;-23,502447;-46,559364
18004783;-23,2931;-46,003101
18004784;-23,250014;-45,935311
18004785;-23,455814;-46,473817
18004786;-23,2925;-46,0014
18004787;-23,293501;-46,002701
18004788;-23,423569;-46,397186
18004789;-23,272587;-45,97051
18004790;-23,456419;-46,475972
18004791;-23,249717;-45,934825
18004792;-23,2892;-45,9977
18004793;-23,249515;-45,934495
18004794;0;0
18004795;-23,4251;-46,402191
18004796;-23,424201;-46,399747
18004797;-23,491017;-46,549425
18004798;-23,249618;-45,934679
18004799;-23,253105;-45,939558
18004800;-23,249514;-45,934503
18004801;-23,275101;-45,9744
18004802;-23,470722;-46,516664
18004803;-23,456014;-46,473997
18004804;-23,2941;-46,004002
18004805;-23,2934;-46,001701
18004806;-23,294201;-46,004398
18004807;-23,501256;-46,560081
18004808;-23,2929;-46,003399
18004809;0;0
18004810;-23,425433;-46,402995
18004811;-23,425176;-46,401862
18004812;0;0
18004813;-23,425615;-46,402936
18004814;-23,2931;-46,0023
18004815;-23,346915;-46,166157
18004816;-23,423985;-46,400159
18004817;-23,249918;-45,935143
18004818;-23,249613;-45,934667
18004819;-23,424298;-46,400021
18004820;-23,420756;-46,388024
18004821;-22,858027;-45,232807
18004822;-23,2836;-45,9977
18004823;-23,2929;-46,001999
18004824;-23,501461;-46,559864
18004825;-23,456206;-46,474861
18004826;-23,440537;-46,438057
18004827;-23,490864;-46,549194
18004828;-23,261004;-45,952439
18004829;-23,456689;-46,476981
18004830;-23,421772;-46,393185
18004831;0;0
18004832;-23,252388;-45,93981
18004833;0;0
18004834;-23,293848;-46,003613
18004835;-23,347449;-46,167149
18004836;-23,250013;-45,935309
18004837;-23,425824;-46,403479
18004838;-23,425072;-46,401594
18004839;-23,42154;-46,392341
18004840;-23,431885;-46,418863
18004841;0;0
18004842;0;0
18004843;-23,431536;-46,418067
18004844;-23,438167;-46,433407
18004845;-23,280219;-45,982389
18004846;-22,858669;-45,233358
18004847;-22,858027;-45,23278
18004848;-23,279915;-45,98191
18004849;-23,345535;-46,163393
18004850;0;0
18004851;-22,858466;-45,233174
18004852;-23,278893;-45,980288
18004853;-23,423401;-46,396631
18004854;-22,85772;-45,23252
18004855;-23,347144;-46,166573
18004856;0;0
18004857;-23,425389;-46,402402
18004858;-22,85888;-45,233557
18004859;-23,427405;-46,408193
18004860;-23,420933;-46,388641
18004861;-22,857867;-45,232652
18004862;-23,420609;-46,387468
18004863;-23,260703;-45,951938
18004864;-22,857719;-45,232521
18004865;-23,425496;-46,402666
18004866;-22,858465;-45,233179
18004867;-23,421047;-46,388908
18004868;-23,2938;-46,004101
18004869;-23,2936;-46,001999
18004870;-23,347041;-46,166392
18004871;-22,858189;-45,232946
18004872;-22,857877;-45,232673
18004873;-23,452191;-46,466823
18004874;-23,424891;-46,401652
18004875;0;0
18004876;-23,42409;-46,398855
18004877;-23,425542;-46,403264
18004878;-23,470831;-46,516928
18004879;-23,422214;-46,393653
18004880;-22,858656;-45,233361
18004881;0;0
18004882;-23,2813;-45,983799
18004883;-23,345411;-46,16311
18004884;-23,347572;-46,16742
18004885;-23,281743;-45,984745
18004886;-23,260857;-45,952177
18004887;-22,858894;-45,23354
18004888;-23,433429;-46,422862
18004889;-23,426971;-46,407088
18004890;-23,470831;-46,516928
18004891;-23,280697;-45,983123
18004892;-23,464811;-46,4991
18004893;0;0
18004894;-23,259946;-45,9508
18004895;-23,464811;-46,4991
18004896;-23,422612;-46,396016
18004897;-23,25995;-45,950779
18004898;-23,280945;-45,983543
18004899;-23,282021;-45,98513
18004900;-23,278894;-45,980286
18004901;-23,469872;-46,5142
18004902;-23,469872;-46,5142
18004903;-23,437942;-46,432872
18004904;-23,268801;-45,964401
18004905;-23,279931;-45,981913
18004906;-23,260851;-45,952187
18004907;-23,347307;-46,166859
18004908;-23,281222;-45,983944
18004909;0;0
18004910;-23,469956;-46,514467
18004911;-23,469956;-46,514467
18004912;0;0
18004913;-23,282499;-45,985298
18004914;0;0
18004915;-23,279406;-45,981107
18004916;-23,2607;-45,951969
18004917;-23,427304;-46,407909
18004918;-23,470044;-46,514742
18004919;-23,470044;-46,514742
18004920;-22,858179;-45,232936
18004921;-23,345731;-46,163701
18004922;-23,418665;-46,381689
18004923;-23,280717;-45,983113
18004924;-23,279156;-45,980693
18004925;-23,421852;-46,393466
18004926;-23,431648;-46,418335
18004927;-23,421695;-46,392904
18004928;-23,429335;-46,413371
18004929;0;0
18004930;-23,422509;-46,39574
18004931;-23,469692;-46,513633
18004932;-23,469692;-46,513633
18004933;-23,469783;-46,513922
18004934;-23,469783;-46,513922
18004935;-23,470328;-46,515569
18004936;-23,281741;-45,984759
18004937;-23,281601;-45,9841
18004938;-23,470328;-46,515569
18004939;-23,2808;-45,983501
18004940;-23,281481;-45,984349
18004941;-23,470422;-46,515844
18004942;-23,279663;-45,9815
18004943;-23,470139;-46,515017
18004944;-23,470139;-46,515017
18004945;-23,433621;-46,422772
18004946;-23,280464;-45,982684
18004947;-23,280199;-45,980202
18004948;-23,280242;-45,982383
18004949;-23,469611;-46,513358
18004950;0;0
18004951;-23,28047;-45,982718
18004952;-23,470422;-46,515844
18004953;-23,4265;-46,406601
18004954;-23,279675;-45,981496
18004955;-23,470522;-46,516128
18004956;-23,470522;-46,516128
18004957;-23,4263;-46,405701
18004958;-23,282005;-45,985155
18004959;-23,470231;-46,515294
18004960;-23,470231;-46,515294
18004961;0;0
18004962;0;0
18004963;0;0
18004964;0;0
18004965;0;0
18004966;0;0
18004967;0;0
18004968;0;0
18004969;0;0
18004970;0;0
18004971;0;0
18004972;0;0
18004973;0;0
18004974;0;0
18004975;0;0
18004976;0;0
18004977;0;0
18004978;0;0
18004979;0;0
18004980;0;0
18004981;0;0
18004982;0;0
18004983;0;0
18004984;0;0
18004985;-23,470619;-46,516394
18004986;0;0
18004987;0;0
18004988;0;0
18004989;0;0
18004990;0;0
18004991;0;0
18004992;0;0
18004993;0;0
18004994;0;0
18004995;0;0
18004996;0;0
18004997;0;0
18004998;-23,470619;-46,516394
18004999;0;0
18005000;0;0
18005001;0;0
18005002;0;0
18005003;0;0
18005004;0;0
18005005;0;0
18005006;0;0
18005007;0;0
18005008;0;0
18005009;0;0
18005010;0;0
18005011;0;0
18005012;-23,482122;-46,535525
18005013;-23,475247;-46,524792
18005014;-23,475247;-46,524792
18005015;-23,4754;-46,525031
18005016;-23,4754;-46,525031
18005017;-23,475558;-46,525272
18005018;-23,475558;-46,525272
18005019;0;0
18005020;0;0
18005021;0;0
18005022;0;0
18005023;0;0
18005024;0;0
18005025;0;0
18005026;0;0
18005027;0;0
18005028;0;0
18005029;0;0
18005030;0;0
18005031;0;0
18005032;0;0
18005033;0;0
18005034;0;0
18005035;0;0
18005036;0;0
18005037;0;0
18005038;0;0
18005039;0;0
18005040;0;0
18005041;0;0
18005042;0;0
18005043;0;0
18005044;0;0
18005045;0;0
18005046;0;0
18005047;0;0
18005048;0;0
18005049;0;0
18005050;0;0
18005051;0;0
18005052;0;0
18005053;0;0
18005054;0;0
18005055;0;0
18005056;0;0
18005057;0;0
18005058;0;0
18005059;0;0
18005060;-23,345641;-46,163759
18005061;0;0
18005062;0;0
18005063;0;0
18005064;0;0
18005065;0;0
18005066;0;0
18005067;0;0
18005068;0;0
18005069;0;0
18005070;0;0
18005071;0;0
18005072;0;0
18005073;0;0
18005074;0;0
18005075;0;0
18005076;0;0
18005077;0;0
18005078;0;0
18005079;0;0
18005080;0;0
18005081;0;0
18005082;0;0
18005083;0;0
18005084;0;0
18005085;0;0
18005086;0;0
18005087;0;0
18005088;0;0
18005089;0;0
18005090;0;0
18005091;0;0
18005092;0;0
18005093;0;0
18005094;0;0
18005095;0;0
18005096;0;0
18005097;0;0
18005098;0;0
18005099;0;0
18005100;0;0
18005101;0;0
18005102;0;0
18005103;0;0
18005104;0;0
18005105;0;0
18005106;0;0
18005107;0;0
18005108;0;0
18005109;0;0
18005110;0;0
18005111;0;0
18005112;0;0
18005113;0;0
18005114;0;0
18005115;0;0
18005116;0;0
18005117;0;0
18005118;0;0
18005119;0;0
18005120;0;0
18005121;0;0
18005122;0;0
18005123;0;0
18005124;0;0
18005125;0;0
18005126;0;0
18005127;0;0
18005128;0;0
18005129;0;0
18005130;0;0
18005131;0;0
18005132;0;0
18005133;0;0
18005134;0;0
18005135;0;0
18005136;0;0
18005137;0;0
18005138;0;0
18005139;0;0
18005140;0;0
18005141;0;0
18005142;0;0
18005143;0;0
18005144;0;0
18005145;0;0
18005146;0;0
18005147;0;0
18005148;0;0
18005149;0;0
18005150;0;0
18005151;0;0
18005152;0;0
18005153;0;0
18005154;0;0
18005155;0;0
18005156;0;0
18005157;0;0
18005158;0;0
18005159;0;0
18005160;0;0
18005161;0;0
18005162;0;0
18005163;0;0
18005164;0;0
18005165;0;0
18005166;0;0
18005167;0;0
18005168;0;0
18005169;0;0
18005170;0;0
18005171;0;0
18005172;0;0
18005173;0;0
18005174;0;0
18005175;0;0
18005176;0;0
18005177;0;0
18005178;0;0
18005179;0;0
18005180;0;0
18005181;0;0
18005182;0;0
18005183;0;0
18005184;0;0
18005185;0;0
18005186;0;0
18005187;0;0
18005188;0;0
18005189;0;0
18005190;0;0
18005191;0;0
18005192;0;0
18005193;0;0
18005194;0;0
18005195;0;0
18005196;0;0
18005197;0;0
18005198;0;0
18005199;-23,338119;-46,1493
18005200;0;0
18005201;0;0
18005202;0;0
18005203;0;0
18005204;0;0
18005205;0;0
18005206;0;0
18005207;-23,338984;-46,151034
18005208;0;0
18005209;-23,338252;-46,149715
18005210;0;0
18005211;0;0
18005212;0;0
18005213;0;0
18005214;0;0
18005215;0;0
18005216;0;0
18005217;0;0
18005218;-23,345409;-46,163134
18005219;0;0
18005220;-23,338119;-46,1493
18005221;0;0
18005222;0;0
18005223;0;0
18005224;0;0
18005225;-23,296826;-46,008714
18005226;-23,34551;-46,16342
18005227;-23,338534;-46,150445
18005228;-23,513929;-46,577906
18005229;-23,406364;-46,336379
18005230;0;0
18005231;-23,338984;-46,151034
18005232;0;0
18005233;0;0
18005234;-23,338252;-46,149715
18005235;-23,338119;-46,1493
18005236;-23,338252;-46,149715
18005237;-23,339223;-46,151359
18005238;0;0
18005239;-23,296249;-46,007979
18005240;0;0
18005241;0;0
18005242;-23,338189;-46,150242
18005243;-23,338984;-46,151034
18005244;0;0
18005245;-23,338252;-46,149715
18005246;-23,339515;-46,15179
18005247;-23,338984;-46,151034
18005248;0;0
18005249;0;0
18005250;-23,339223;-46,151359
18005251;0;0
18005252;0;0
18005253;0;0
18005254;0;0
18005255;0;0
18005256;-23,338433;-46,150428
18005257;0;0
18005258;0;0
18005259;-23,338492;-46,150366
18005260;-23,338549;-46,150798
18005261;0;0
18005262;-23,338252;-46,149715
18005263;0;0
18005264;0;0
18005265;-23,510128;-46,574471
18005266;-23,338984;-46,151034
18005267;0;0
18005268;-23,338434;-46,150567
18005269;0;0
18005270;0;0
18005271;0;0
18005272;-23,339223;-46,151359
18005273;0;0
18005274;-23,510195;-46,574348
18005275;0;0
18005276;0;0
18005277;0;0
18005278;0;0
18005279;0;0
18005280;0;0
18005281;0;0
18005282;0;0
18005283;-23,296249;-46,007979
18005284;0;0
18005285;0;0
18005286;0;0
18005287;0;0
18005288;-23,294631;-46,004493
18005289;-23,338599;-46,150639
18005290;0;0
18005291;0;0
18005292;0;0
18005293;0;0
18005294;0;0
18005295;-23,296487;-46,008315
18005296;0;0
18005297;0;0
18005298;0;0
18005299;-23,296826;-46,008714
18005300;0;0
18005301;0;0
18005302;-23,510626;-46,573546
18005303;0;0
18005304;0;0
18005305;0;0
18005306;0;0
18005307;0;0
18005308;0;0
18005309;0;0
18005310;0;0
18005311;0;0
18005312;0;0
18005313;0;0
18005314;0;0
18005315;0;0
18005316;0;0
18005317;0;0
18005318;0;0
18005319;0;0
18005320;0;0
18005321;0;0
18005322;0;0
18005323;0;0
18005324;-23,34664;-46,16586
18005325;0;0
18005326;0;0
18005327;0;0
18005328;0;0
18005329;0;0
18005330;0;0
18005331;0;0
18005332;0;0
18005333;0;0
18005334;0;0
18005335;0;0
18005336;0;0
18005337;0;0
18005338;0;0
18005339;0;0
18005340;0;0
18005341;0;0
18005342;0;0
18005343;0;0
18005344;0;0
18005345;0;0
18005346;0;0
18005347;0;0
18005348;0;0
18005349;0;0
18005350;0;0
18005351;0;0
18005352;0;0
18005353;0;0
18005354;0;0
18005355;0;0
18005356;0;0
18005357;0;0
18005358;0;0
18005359;0;0
18005360;-23,34648;-46,16556
18005361;0;0
18005362;0;0
18005363;0;0
18005364;-23,517495;-46,580049
18005365;0;0
18005366;0;0
18005367;0;0
18005368;0;0
18005369;0;0
18005370;0;0
18005371;0;0
18005372;-23,294631;-46,004493
18005373;0;0
18005374;-23,352511;-46,181591
18005375;0;0
18005376;-23,501817;-46,564864
18005377;-23,510787;-46,573685
18005378;0;0
18005379;-23,352118;-46,181652
18005380;-23,338514;-46,150172
18005381;-23,52201;-46,5843
18005382;0;0
18005383;0;0
18005384;0;0
18005385;0;0
18005386;0;0
18005387;0;0
18005388;-23,517279;-46,579851
18005389;0;0
18005390;0;0
18005391;0;0
18005392;0;0
18005393;0;0
18005394;0;0
18005395;0;0
18005396;0;0
18005397;-23,510565;-46,573503
18005398;0;0
18005399;-23,517349;-46,579881
18005400;-23,34655;-46,1656
18005401;0;0
18005402;0;0
18005403;0;0
18005404;0;0
18005405;0;0
18005406;0;0
18005407;-23,297097;-46,009004
18005408;0;0
18005409;0;0
18005410;0;0
18005411;-23,338721;-46,150604
18005412;0;0
18005413;-22,67839;-43,81486
18005414;0;0
18005415;-23,409367;-46,34325
18005416;-23,297578;-46,009679
18005417;-23,352118;-46,181652
18005418;-23,510128;-46,574471
18005419;-23,522088;-46,584183
18005420;0;0
18005421;0;0
18005422;0;0
18005423;0;0
18005424;0;0
18005425;-23,338721;-46,150604
18005426;-23,34655;-46,1656
18005427;-23,296826;-46,008714
18005428;-22,66361;-43,82478
18005429;0;0
18005430;-23,34664;-46,16586
18005431;-23,338514;-46,150172
18005432;0;0
18005433;0;0
18005434;-22,670601;-43,818199
18005435;0;0
18005436;-23,34664;-46,16586
18005437;0;0
18005438;0;0
18005439;-23,517419;-46,579946
18005440;-23,521541;-46,585484
18005441;-23,34648;-46,16556
18005442;-23,352032;-46,181118
18005443;0;0
18005444;-22,667801;-43,818199
18005445;-22,66599;-43,8214
18005446;0;0
18005447;-23,509982;-46,574324
18005448;0;0
18005449;0;0
18005450;-23,521541;-46,585484
18005451;0;0
18005452;-23,517495;-46,580049
18005453;-22,6681;-43,817299
18005454;0;0
18005455;0;0
18005456;-23,296249;-46,007979
18005457;0;0
18005458;-23,34648;-46,16556
18005459;0;0
18005460;0;0
18005461;0;0
18005462;0;0
18005463;0;0
18005464;0;0
18005465;-23,352511;-46,181591
18005466;0;0
18005467;-23,345764;-46,164118
18005468;0;0
18005469;0;0
18005470;-23,345764;-46,164118
18005471;0;0
18005472;0;0
18005473;-23,338721;-46,150604
18005474;-22,67892;-43,81438
18005475;-23,51744;-46,58019
18005476;0;0
18005477;0;0
18005478;0;0
18005479;0;0
18005480;-23,510157;-46,574552
18005481;-22,6669;-43,81859
18005482;-22,66585;-43,82195
18005483;-22,677601;-43,8153
18005484;-23,297578;-46,009679
18005485;0;0
18005486;-23,296777;-46,006901
18005487;0;0
18005488;0;0
18005489;0;0
18005490;-23,297578;-46,009679
18005491;0;0
18005492;0;0
18005493;0;0
18005494;-23,521346;-46,585254
18005495;0;0
18005496;0;0
18005497;0;0
18005498;-23,34655;-46,1656
18005499;0;0
18005500;0;0
18005501;-22,66382;-43,82462
18005502;-22,66591;-43,82168
18005503;0;0
18005504;0;0
18005505;0;0
18005506;0;0
18005507;-22,67463;-43,81745
18005508;0;0
18005509;-23,295932;-46,007485
18005510;0;0
18005511;-22,671101;-43,818001
18005512;-23,34648;-46,16556
18005513;0;0
18005514;-22,66402;-43,82442
18005515;-23,295932;-46,007485
18005516;0;0
18005517;0;0
18005518;-23,516859;-46,580951
18005519;-22,6616;-43,825298
18005520;0;0
18005521;-22,66733;-43,81824
18005522;-22,66334;-43,82489
18005523;0;0
18005524;-22,667;-43,818298
18005525;0;0
18005526;-22,678499;-43,814602
18005527;-23,521439;-46,585396
18005528;-22,670099;-43,818401
18005529;0;0
18005530;-22,6709;-43,817902
18005531;-22,66418;-43,82421
18005532;-22,66604;-43,82085
18005533;-23,521506;-46,585034
18005534;0;0
18005535;0;0
18005536;0;0
18005537;0;0
18005538;-23,34648;-46,16556
18005539;-22,67;-43,818401
18005540;-22,667801;-43,818001
18005541;-23,338514;-46,150172
18005542;-23,295932;-46,007485
18005543;-22,67801;-43,8151
18005544;0;0
18005545;-22,66611;-43,81987
18005546;-23,510787;-46,573685
18005547;0;0
18005548;0;0
18005549;0;0
18005550;0;0
18005551;0;0
18005552;-23,516941;-46,581032
18005553;-23,513859;-46,577853
18005554;0;0
18005555;0;0
18005556;0;0
18005557;-23,52135;-46,58536
18005558;-22,66601;-43,82109
18005559;0;0
18005560;0;0
18005561;0;0
18005562;0;0
18005563;0;0
18005564;-23,516993;-46,581079
18005565;-23,513716;-46,577717
18005566;0;0
18005567;0;0
18005568;-23,510632;-46,573793
18005569;0;0
18005570;0;0
18005571;0;0
18005572;0;0
18005573;0;0
18005574;0;0
18005575;0;0
18005576;0;0
18005577;0;0
18005578;0;0
18005579;0;0
18005580;0;0
18005581;0;0
18005582;0;0
18005583;0;0
18005584;-23,481967;-46,535297
18005585;0;0
18005586;0;0
18005587;0;0
18005588;0;0
18005589;0;0
18005590;0;0
18005591;0;0
18005592;0;0
18005593;0;0
18005594;0;0
18005595;0;0
18005596;0;0
18005597;0;0
18005598;0;0
18005599;0;0
18005600;0;0
18005601;0;0
18005602;0;0
18005603;0;0
18005604;0;0
18005605;0;0
18005606;0;0
18005607;0;0
18005608;0;0
18005609;0;0
18005610;0;0
18005611;0;0
18005612;0;0
18005613;0;0
18005614;0;0
18005615;0;0
18005616;0;0
18005617;0;0
18005618;0;0
18005619;0;0
18005620;0;0
18005621;0;0
18005622;0;0
18005623;0;0
18005624;0;0
18005625;0;0
18005626;0;0
18005627;0;0
18005628;0;0
18005629;0;0
18005630;0;0
18005631;0;0
18005632;0;0
18005633;0;0
18005634;0;0
18005635;0;0
18005636;-23,497264;-46,557953
18005637;0;0
18005638;0;0
18005639;0;0
18005640;0;0
18005641;0;0
18005642;0;0
18005643;0;0
18005644;0;0
18005645;0;0
18005646;0;0
18005647;0;0
18005648;0;0
18005649;0;0
18005650;0;0
18005651;0;0
18005652;0;0
18005653;0;0
18005654;-23,481811;-46,535039
18005655;0;0
18005656;0;0
18005657;0;0
18005658;0;0
18005659;0;0
18005660;0;0
18005661;0;0
18005662;0;0
18005663;0;0
18005664;0;0
18005665;0;0
18005666;0;0
18005667;0;0
18005668;0;0
18005669;0;0
18005670;0;0
18005671;0;0
18005672;0;0
18005673;0;0
18005674;0;0
18005675;0;0
18005676;0;0
18005677;0;0
18005678;0;0
18005679;0;0
18005680;0;0
18005681;0;0
18005682;0;0
18005683;0;0
18005684;0;0
18005685;0;0
18005686;0;0
18005687;0;0
18005688;0;0
18005689;0;0
18005690;0;0
18005691;0;0
18005692;0;0
18005693;0;0
18005694;0;0
18005695;0;0
18005696;0;0
18005697;0;0
18005698;0;0
18005699;0;0
18005700;0;0
18005701;0;0
18005702;0;0
18005703;0;0
18005704;0;0
18005705;0;0
18005706;0;0
18005707;0;0
18005708;0;0
18005709;0;0
18005710;0;0
18005711;0;0
18005712;0;0
18005713;0;0
18005714;0;0
18005715;0;0
18005716;0;0
18005717;0;0
18005718;0;0
18005719;0;0
18005720;0;0
18005721;0;0
18005722;0;0
18005723;0;0
18005724;0;0
18005725;0;0
18005726;0;0
18005727;0;0
18005728;0;0
18005729;0;0
18005730;0;0
18005731;0;0
18005732;0;0
18005733;0;0
18005734;0;0
18005735;0;0
18005736;0;0
18005737;0;0
18005738;0;0
18005739;0;0
18005740;0;0
18005741;0;0
18005742;0;0
18005743;0;0
18005744;0;0
18005745;0;0
18005746;0;0
18005747;0;0
18005748;0;0
18005749;0;0
18005750;0;0
18005751;0;0
18005752;0;0
18005753;0;0
18005754;0;0
18005755;0;0
18005756;0;0
18005757;0;0
18005758;0;0
18005759;0;0
18005760;0;0
18005761;0;0
18005762;0;0
18005763;0;0
18005764;0;0
18005765;0;0
18005766;0;0
18005767;0;0
18005768;0;0
18005769;0;0
18005770;0;0
18005771;0;0
18005772;-23,34683;-46,164958
18005773;-23,34618;-46,163876
18005774;0;0
18005775;0;0
18005776;0;0
18005777;0;0
18005778;0;0
18005779;0;0
18005780;0;0
18005781;0;0
18005782;0;0
18005783;0;0
18005784;0;0
18005785;0;0
18005786;0;0
18005787;0;0
18005788;0;0
18005789;0;0
18005790;0;0
18005791;0;0
18005792;0;0
18005793;0;0
18005794;0;0
18005795;0;0
18005796;0;0
18005797;0;0
18005798;0;0
18005799;0;0
18005800;0;0
18005801;0;0
18005802;0;0
18005803;0;0
18005804;-23,347106;-46,165498
18005805;0;0
18005806;0;0
18005807;0;0
18005808;-23,34618;-46,163876
18005809;-23,346951;-46,165192
18005810;0;0
18005811;0;0
18005812;0;0
18005813;0;0
18005814;0;0
18005815;0;0
18005816;0;0
18005817;-23,34683;-46,164958
18005818;0;0
18005819;0;0
18005820;0;0
18005821;-23,409367;-46,34325
18005822;0;0
18005823;0;0
18005824;0;0
18005825;0;0
18005826;0;0
18005827;0;0
18005828;0;0
18005829;-23,34683;-46,164958
18005830;0;0
18005831;-23,347106;-46,165498
18005832;0;0
18005833;0;0
18005834;0;0
18005835;0;0
18005836;0;0
18005837;0;0
18005838;-23,34618;-46,163876
18005839;0;0
18005840;0;0
18005841;0;0
18005842;0;0
18005843;-23,347106;-46,165498
18005844;0;0
18005845;-23,34642;-46,164182
18005846;0;0
18005847;-23,34642;-46,164182
18005848;-23,346951;-46,165192
18005849;-23,346951;-46,165192
18005850;0;0
18005851;-23,345764;-46,164118
18005852;0;0
18005853;0;0
18005854;-23,34642;-46,164182
18005855;-23,34642;-46,164182
18005856;-23,481042;-46,533831
18005857;0;0
18005858;0;0
18005859;-23,34642;-46,164182
18005860;-23,34618;-46,163876
18005861;-23,34618;-46,163876
18005862;0;0
18005863;-23,480278;-46,532633
18005864;-23,480278;-46,532633
18005865;-23,481664;-46,534808
18005866;0;0
18005867;0;0
18005868;0;0
18005869;0;0
18005870;0;0
18005871;0;0
18005872;-23,346951;-46,165192
18005873;0;0
18005874;0;0
18005875;0;0
18005876;0;0
18005877;0;0
18005878;0;0
18005879;0;0
18005880;0;0
18005881;-23,34642;-46,164182
18005882;0;0
18005883;0;0
18005884;0;0
18005885;0;0
18005886;-23,34618;-46,163876
18005887;0;0
18005888;0;0
18005889;-23,480422;-46,532881
18005890;-23,480422;-46,532881
18005891;0;0
18005892;-23,481811;-46,535039
18005893;0;0
18005894;0;0
18005895;0;0
18005896;0;0
18005897;0;0
18005898;0;0
18005899;0;0
18005900;0;0
18005901;0;0
18005902;0;0
18005903;-23,516935;-46,580769
18005904;0;0
18005905;0;0
18005906;0;0
18005907;0;0
18005908;0;0
18005909;0;0
18005910;0;0
18005911;0;0
18005912;0;0
18005913;0;0
18005914;0;0
18005915;0;0
18005916;0;0
18005917;0;0
18005918;0;0
18005919;0;0
18005920;0;0
18005921;0;0
18005922;0;0
18005923;-23,481508;-46,534569
18005924;0;0
18005925;0;0
18005926;0;0
18005927;0;0
18005928;-23,481192;-46,534064
18005929;0;0
18005930;-23,481192;-46,534064
18005931;0;0
18005932;-23,480575;-46,533111
18005933;-23,480575;-46,533111
18005934;0;0
18005935;0;0
18005936;-23,480889;-46,533594
18005937;0;0
18005938;-23,480889;-46,533594
18005939;0;0
18005940;0;0
18005941;-23,48072;-46,533353
18005942;-23,48072;-46,533353
18005943;0;0
18005944;-23,481508;-46,534569
18005945;0;0
18005946;0;0
18005947;0;0
18005948;0;0
18005949;-23,480125;-46,532392
18005950;-23,480125;-46,532392
18005951;-23,481664;-46,534808
18005952;0;0
18005953;0;0
18005954;0;0
18005955;0;0
18005956;0;0
18005957;-23,481042;-46,533831
18005958;0;0
18005959;0;0
18005960;0;0
18005961;0;0
18005962;0;0
18005963;0;0
18005964;0;0
18005965;0;0
18005966;0;0
18005967;0;0
18005968;0;0
18005969;0;0
18005970;0;0
18005971;0;0
18005972;0;0
18005973;0;0
18005974;0;0
18005975;0;0
18005976;0;0
18005977;0;0
18005978;0;0
18005979;0;0
18005980;0;0
18005981;0;0
18005982;0;0
18005983;0;0
18005984;-23,468192;-46,508044
18005985;0;0
18005986;0;0
18005987;0;0
18005988;0;0
18005989;0;0
18005990;0;0
18005991;0;0
18005992;0;0
18005993;0;0
18005994;-23,258307;-45,949064
18005995;0;0
18005996;0;0
18005997;0;0
18005998;0;0
18005999;0;0
18006000;0;0
18006001;-23,480814;-46,533022
18006002;-23,480814;-46,533022
18006003;-23,480664;-46,532781
18006004;-23,480664;-46,532781
18006005;-23,480508;-46,532542
18006006;-23,480508;-46,532542
18006007;-23,480353;-46,532297
18006008;-23,480353;-46,532297
18006009;-23,4802;-46,53205
18006010;-23,4802;-46,53205
18006011;-23,480044;-46,531817
18006012;-23,480044;-46,531817
18006013;-23,479889;-46,531583
18006014;0;0
18006015;-23,479889;-46,531583
18006016;-23,479736;-46,531339
18006017;-23,479736;-46,531339
18006018;-23,479589;-46,531108
18006019;0;0
18006020;-23,489906;-46,547222
18006021;-23,479589;-46,531108
18006022;-23,489906;-46,547222
18006023;-23,461855;-46,491001
18006024;-23,461855;-46,491001
18006025;-23,488394;-46,545289
18006026;-23,461964;-46,491256
18006027;-23,461964;-46,491256
18006028;-23,463433;-46,494456
18006029;-23,523453;-46,586117
18006030;-23,459875;-46,484464
18006031;-23,459797;-46,484278
18006032;-23,459686;-46,483986
18006033;-23,463328;-46,494181
18006034;-23,463328;-46,494181
18006035;-23,459606;-46,483792
18006036;-23,459533;-46,483594
18006037;-23,438093;-46,432819
18006038;0;0
18006039;-23,48175;-46,534478
18006040;-23,43843;-46,433622
18006041;-23,439402;-46,436348
18006042;-23,481347;-46,534317
18006043;-23,463433;-46,494456
18006044;-23,439289;-46,436079
18006045;-23,481347;-46,534317
18006046;-23,438729;-46,434744
18006047;-23,463233;-46,493903
18006048;-23,463233;-46,493903
18006049;-23,490392;-46,547983
18006050;-23,490392;-46,547983
18006051;-46,435001;-46,435001
18006052;-46,433399;-46,433399
18006053;-46,436901;-46,436901
18006054;-23,490717;-46,548486
18006055;-23,490717;-46,548486
18006056;-23,438655;-46,434157
18006057;-46,431499;-46,431499
18006058;-23,439514;-46,436614
18006059;-23,499586;-46,560517
18006060;-23,438055;-46,433139
18006061;-23,439665;-46,436562
18006062;-23,43888;-46,434692
18006063;-23,43884;-46,435011
18006064;-23,436931;-46,430465
18006065;-23,439609;-46,436897
18006066;-23,488394;-46,545289
18006067;-23,490228;-46,547731
18006068;-23,490228;-46,547731
18006069;-46,436199;-46,436199
18006070;-23,463253;-46,494525
18006071;-23,490069;-46,547478
18006072;-23,490069;-46,547478
18006073;-23,439216;-46,435493
18006074;-23,438767;-46,434424
18006075;-23,490553;-46,548228
18006076;-23,490553;-46,548228
18006077;0;0
18006078;-23,463253;-46,494525
18006079;-46,438499;-46,438499
18006080;0;0
18006081;-46,4351;-46,4351
18006082;0;0
18006083;-23,463358;-46,494808
18006084;-23,4564;-46,477347
18006085;-23,4564;-46,477347
18006086;-46,437401;-46,437401
18006087;-23,463358;-46,494808
18006088;-23,437869;-46,432286
18006089;0;0
18006090;-23,456853;-46,478394
18006091;-23,43899;-46,434959
18006092;-23,439552;-46,436295
18006093;-46,432301;-46,432301
18006094;-23,438318;-46,433355
18006095;-23,439801;-46,436815
18006096;0;0
18006097;-23,456853;-46,478394
18006098;-23,463456;-46,495064
18006099;-23,438953;-46,435278
18006100;-23,476511;-46,526308
18006101;0;0
18006102;-23,456186;-46,476819
18006103;-23,456186;-46,476819
18006104;0;0
18006105;-23,4179;-46,377624
18006106;-23,500799;-46,563301
18006107;0;0
18006108;0;0
18006109;-23,500967;-46,563342
18006110;-23,425909;-46,405343
18006111;0;0
18006112;0;0
18006113;-23,426791;-46,407502
18006114;-23,500783;-46,563086
18006115;0;0
18006116;-23,456294;-46,477083
18006117;-23,456294;-46,477083
18006118;-23,500597;-46,562814
18006119;-23,4561;-46,4757
18006120;0;0
18006121;-23,500414;-46,562544
18006122;-23,500233;-46,562272
18006123;-23,4984;-46,559799
18006124;-23,4569;-46,477501
18006125;-23,456514;-46,477614
18006126;-23,42636;-46,406416
18006127;-23,456633;-46,477886
18006128;-23,498492;-46,559714
18006129;-23,427148;-46,408299
18006130;-23,4984;-46,559502
18006131;-23,498319;-46,559467
18006132;-23,498147;-46,559239
18006133;-23,488825;-46,545997
18006134;-23,498147;-46,559239
18006135;-23,425697;-46,404802
18006136;-23,497999;-46,558998
18006137;-23,427029;-46,408025
18006138;-23,497975;-46,559008
18006139;-23,476511;-46,526308
18006140;-23,488878;-46,545617
18006141;0;0
18006142;-23,42581;-46,405073
18006143;-23,488722;-46,545372
18006144;0;0
18006145;0;0
18006146;-23,488722;-46,545372
18006147;-23,468122;-46,507756
18006148;0;0
18006149;-23,468122;-46,507756
18006150;-23,468014;-46,507428
18006151;-23,468014;-46,507428
18006152;-23,457517;-46,479981
18006153;-23,4977;-46,556702
18006154;-23,426023;-46,40561
18006155;-23,509533;-46,573164
18006156;-23,496229;-46,556769
18006157;-23,456969;-46,478672
18006158;-23,456969;-46,478672
18006159;-23,488825;-46,545997
18006160;-23,496636;-46,557008
18006161;-23,426455;-46,406682
18006162;-23,457517;-46,479981
18006163;-23,488981;-46,546253
18006164;-23,412701;-46,361801
18006165;-23,419001;-46,380199
18006166;-23,425486;-46,404262
18006167;-46,450001;-46,450001
18006168;-23,425584;-46,404529
18006169;0;0
18006170;-23,445499;-46,452801
18006171;-23,50935;-46,572986
18006172;-23,418053;-46,378182
18006173;-23,425376;-46,403989
18006174;-23,416163;-46,372043
18006175;-23,417668;-46,376778
18006176;-23,418501;-46,379601
18006177;-23,4181;-46,3783
18006178;-23,418301;-46,379101
18006179;0;0
18006180;0;0
18006181;-23,426912;-46,407759
18006182;0;0
18006183;-46,4492;-46,4492
18006184;-46,4487;-46,4487
18006185;0;0
18006186;-23,4179;-46,377399
18006187;-23,426134;-46,405877
18006188;-23,420401;-46,3764
18006189;-23,488672;-46,545756
18006190;-23,488672;-46,545756
18006191;-23,463144;-46,493658
18006192;-23,42668;-46,407217
18006193;-23,488981;-46,546253
18006194;0;0
18006195;-23,489144;-46,546503
18006196;-23,426246;-46,406145
18006197;0;0
18006198;0;0
18006199;-23,4494;-46,451199
18006200;0;0
18006201;-46,450901;-46,450901
18006202;-23,443501;-46,444901
18006203;-23,419901;-46,373199
18006204;-23,4405;-46,437099
18006205;-23,489144;-46,546503
18006206;0;0
18006207;-46,453098;-46,453098
18006208;-23,441487;-46,440831
18006209;-46,451401;-46,451401
18006210;-23,470108;-46,514189
18006211;-23,418721;-46,380434
18006212;-46,451302;-46,451302
18006213;-23,417299;-46,3792
18006214;-23,475275;-46,524339
18006215;-23,475275;-46,524339
18006216;-23,4184;-46,379398
18006217;-23,475117;-46,524103
18006218;-23,475117;-46,524103
18006219;-46,445;-46,445
18006220;-23,4457;-46,4506
18006221;-23,470108;-46,514189
18006222;0;0
18006223;-23,470025;-46,513917
18006224;-46,4492;-46,4492
18006225;-46,4515;-46,4515
18006226;-46,451801;-46,451801
18006227;-23,470975;-46,516697
18006228;-23,470975;-46,516697
18006229;-23,472136;-46,519231
18006230;-23,4452;-46,4496
18006231;-23,4188;-46,380501
18006232;0;0
18006233;-23,470025;-46,513917
18006234;-23,445999;-46,452
18006235;-23,474503;-46,523156
18006236;-23,474503;-46,523156
18006237;-46,445801;-46,445801
18006238;0;0
18006239;-23,474661;-46,523389
18006240;-23,474661;-46,523389
18006241;-23,4893;-46,54675
18006242;-23,469939;-46,513644
18006243;0;0
18006244;-46,443298;-46,443298
18006245;-23,474811;-46,523617
18006246;-23,474811;-46,523617
18006247;-23,474958;-46,523861
18006248;-23,474958;-46,523861
18006249;-23,469939;-46,513644
18006250;-23,509167;-46,572631
18006251;-23,509167;-46,572631
18006252;-23,508967;-46,572431
18006253;-23,508967;-46,572431
18006254;-23,489467;-46,547008
18006255;-23,508778;-46,572244
18006256;-23,46985;-46,513358
18006257;-23,489467;-46,547008
18006258;-23,508778;-46,572244
18006259;-23,470867;-46,516411
18006260;-23,470867;-46,516411
18006261;-23,489617;-46,547253
18006262;-23,46985;-46,513358
18006263;-23,489617;-46,547253
18006264;-23,470647;-46,515828
18006265;-23,470647;-46,515828
18006266;-23,500778;-46,563344
18006267;-23,489778;-46,547492
18006268;-23,508378;-46,571867
18006269;-23,470758;-46,516125
18006270;0;0
18006271;0;0
18006272;-23,508575;-46,572044
18006273;-23,508575;-46,572044
18006274;0;0
18006275;0;0
18006276;-46,440399;-46,440399
18006277;-23,488239;-46,545067
18006278;-23,488239;-46,545067
18006279;-23,508378;-46,571867
18006280;-23,500778;-46,563344
18006281;-23,489778;-46,547492
18006282;-23,440734;-46,439575
18006283;-23,508186;-46,571692
18006284;-23,489936;-46,547742
18006285;-23,439914;-46,437086
18006286;-23,489936;-46,547742
18006287;-23,508186;-46,571692
18006288;-46,440899;-46,440899
18006289;-23,465606;-46,5013
18006290;-46,4408;-46,4408
18006291;-23,490103;-46,548
18006292;-23,463144;-46,493658
18006293;-23,463011;-46,493361
18006294;-23,463011;-46,493361
18006295;-46,439999;-46,439999
18006296;-46,4394;-46,4394
18006297;0;0
18006298;-23,487478;-46,543914
18006299;-23,487478;-46,543914
18006300;-46,442402;-46,442402
18006301;-23,440844;-46,439838
18006302;-23,465606;-46,5013
18006303;-23,490256;-46,548239
18006304;-23,440326;-46,43816
18006305;-23,441149;-46,440024
18006306;-23,490256;-46,548239
18006307;-23,463456;-46,495064
18006308;-23,440777;-46,43923
18006309;-23,465703;-46,501564
18006310;-23,478708;-46,530211
18006311;-23,49;-46,547699
18006312;-23,478708;-46,530211
18006313;-23,478875;-46,530472
18006314;-23,478875;-46,530472
18006315;-23,440394;-46,438771
18006316;0;0
18006317;-23,413056;-46,3625
18006318;-23,4114;-46,363602
18006319;-23,439103;-46,435226
18006320;-46,442501;-46,442501
18006321;-23,413401;-46,363499
18006322;0;0
18006323;0;0
18006324;-23,440543;-46,438695
18006325;-23,4594;-46,484506
18006326;-23,465703;-46,501564
18006327;-23,4594;-46,484506
18006328;-23,4139;-46,364101
18006329;-23,4126;-46,3619
18006330;-23,439722;-46,437167
18006331;-46,459301;-46,459301
18006332;-23,412901;-46,3624
18006333;-23,461561;-46,490158
18006334;0;0
18006335;-23,461464;-46,489903
18006336;-23,412901;-46,3624
18006337;-23,461464;-46,489903
18006338;-23,461369;-46,489639
18006339;-23,461369;-46,489639
18006340;-46,439701;-46,439701
18006341;-23,465894;-46,502089
18006342;-23,440885;-46,439484
18006343;-23,443199;-46,445801
18006344;-23,416201;-46,360699
18006345;-23,441518;-46,441444
18006346;-23,461278;-46,489386
18006347;-23,440512;-46,439035
18006348;-46,436798;-46,436798
18006349;-23,461175;-46,489089
18006350;-23,461175;-46,489089
18006351;-23,472275;-46,519486
18006352;-23,465894;-46,502089
18006353;-23,4119;-46,3605
18006354;-23,461082;-46,488842
18006355;-23,461082;-46,488842
18006356;-23,459514;-46,484789
18006357;-46,440899;-46,440899
18006358;-23,461278;-46,489386
18006359;0;0
18006360;-23,460982;-46,488561
18006361;-46,438999;-46,438999
18006362;-46,437;-46,437
18006363;-46,438099;-46,438099
18006364;-23,472275;-46,519486
18006365;-46,4646;-46,4646
18006366;-23,413601;-46,362099
18006367;-23,412701;-46,362999
18006368;0;0
18006369;0;0
18006370;-23,421555;-46,390804
18006371;-23,4128;-46,361698
18006372;-23,459514;-46,484789
18006373;0;0
18006374;-23,4125;-46,361
18006375;-23,412399;-46,363201
18006376;-23,459614;-46,485025
18006377;-46,461399;-46,461399
18006378;-23,440221;-46,437897
18006379;-23,422199;-46,392101
18006380;-23,412901;-46,362099
18006381;0;0
18006382;-23,449729;-46,460986
18006383;-23,412901;-46,3629
18006384;-46,438202;-46,438202
18006385;0;0
18006386;-23,4132;-46,362499
18006387;0;0
18006388;-23,412701;-46,3615
18006389;-23,459614;-46,485025
18006390;-23,414;-46,363098
18006391;-23,466175;-46,502858
18006392;-23,459711;-46,485286
18006393;-23,459711;-46,485286
18006394;-46,4618;-46,4618
18006395;-23,4125;-46,361599
18006396;-23,466261;-46,503111
18006397;0;0
18006398;-23,412701;-46,3615
18006399;-23,4132;-46,362999
18006400;-23,4128;-46,361599
18006401;-23,490406;-46,548481
18006402;-23,490406;-46,548481
18006403;-23,478556;-46,529975
18006404;-23,4097;-46,364201
18006405;-46,4646;-46,4646
18006406;-23,413799;-46,3643
18006407;-23,459286;-46,484225
18006408;-23,459286;-46,484225
18006409;-23,486228;-46,541475
18006410;-23,4128;-46,3619
18006411;-23,44901;-46,458768
18006412;-23,448343;-46,457807
18006413;-46,456799;-46,456799
18006414;-23,459999;-46,4855
18006415;-23,459822;-46,485569
18006416;-23,493114;-46,552367
18006417;-23,493114;-46,552367
18006418;-23,449235;-46,459303
18006419;-23,478556;-46,529975
18006420;-46,4575;-46,4575
18006421;-23,459925;-46,485825
18006422;-23,486228;-46,541475
18006423;-23,48175;-46,534478
18006424;-23,459925;-46,485825
18006425;-23,486069;-46,541242
18006426;-23,462606;-46,493675
18006427;-46,459702;-46,459702
18006428;0;0
18006429;-46,4631;-46,4631
18006430;-23,460036;-46,486097
18006431;-23,460036;-46,486097
18006432;-46,457802;-46,457802
18006433;-23,486069;-46,541242
18006434;-23,458799;-46,483501
18006435;-23,4601;-46,486401
18006436;-23,462717;-46,493942
18006437;-23,44935;-46,459579
18006438;-46,458302;-46,458302
18006439;0;0
18006440;-23,479028;-46,5307
18006441;-23,4123;-46,359901
18006442;-23,458958;-46,483428
18006443;-23,449682;-46,460372
18006444;-23,460136;-46,486367
18006445;-23,448905;-46,459144
18006446;-23,4603;-46,486599
18006447;-23,485914;-46,541011
18006448;-23,459075;-46,483711
18006449;-23,459075;-46,483711
18006450;-46,4547;-46,4547
18006451;-23,448786;-46,458237
18006452;-23,4589;-46,483898
18006453;-23,459181;-46,483969
18006454;-46,459702;-46,459702
18006455;-23,485914;-46,541011
18006456;-23,460244;-46,48665
18006457;-23,485769;-46,540772
18006458;-23,449122;-46,459035
18006459;-23,479028;-46,5307
18006460;-23,485769;-46,540772
18006461;-46,4571;-46,4571
18006462;-23,485617;-46,540533
18006463;-23,497578;-46,558447
18006464;-23,476831;-46,526808
18006465;-23,48335;-46,537453
18006466;-23,48335;-46,537453
18006467;-23,476831;-46,526808
18006468;-23,460356;-46,486925
18006469;-23,4128;-46,3587
18006470;-23,414499;-46,362598
18006471;0;0
18006472;-23,485464;-46,540294
18006473;-46,463799;-46,463799
18006474;-23,483514;-46,537708
18006475;-23,483514;-46,537708
18006476;-23,412399;-46,359798
18006477;-23,479175;-46,530936
18006478;-23,485617;-46,540533
18006479;-23,412201;-46,3587
18006480;-23,479175;-46,530936
18006481;-23,485311;-46,540056
18006482;-23,431316;-46,416256
18006483;-23,483667;-46,537942
18006484;-23,483667;-46,537942
18006485;-23,479325;-46,531181
18006486;-23,460356;-46,486925
18006487;-46,457199;-46,457199
18006488;-23,479325;-46,531181
18006489;-23,497578;-46,558447
18006490;-46,4608;-46,4608
18006491;-23,479486;-46,531428
18006492;-23,429639;-46,412885
18006493;-23,497106;-46,557714
18006494;-23,49775;-46,557994
18006495;0;0
18006496;-23,5002;-46,5623
18006497;-23,479486;-46,531428
18006498;0;0
18006499;-23,4816;-46,534233
18006500;-23,476994;-46,527067
18006501;0;0
18006502;-23,479636;-46,531664
18006503;0;0
18006504;0;0
18006505;0;0
18006506;0;0
18006507;0;0
18006508;0;0
18006509;0;0
18006510;-23,476994;-46,527067
18006511;-23,5002;-46,5623
18006512;-23,485156;-46,539808
18006513;-23,485156;-46,539808
18006514;0;0
18006515;-23,476183;-46,525792
18006516;-23,448336;-46,457163
18006517;-23,485311;-46,540056
18006518;-23,497744;-46,558692
18006519;-23,476183;-46,525792
18006520;-46,458401;-46,458401
18006521;-23,484994;-46,539558
18006522;-23,479636;-46,531664
18006523;-23,4126;-46,361401
18006524;0;0
18006525;-23,4125;-46,358799
18006526;0;0
18006527;-23,4119;-46,358601
18006528;-23,497419;-46,558214
18006529;-23,431542;-46,41679
18006530;-23,497299;-46,557899
18006531;-23,412001;-46,358101
18006532;-23,497744;-46,558692
18006533;-23,478797;-46,5307
18006534;0;0
18006535;-23,484994;-46,539558
18006536;0;0
18006537;-23,469094;-46,511692
18006538;-23,484836;-46,539317
18006539;-23,497419;-46,558214
18006540;-23,484836;-46,539317
18006541;-23,4123;-46,359798
18006542;-23,4123;-46,358299
18006543;-23,4132;-46,359699
18006544;-23,412901;-46,362
18006545;-23,469094;-46,511692
18006546;-23,484683;-46,539075
18006547;-23,484683;-46,539075
18006548;-23,431653;-46,417058
18006549;-23,469178;-46,511967
18006550;-23,4123;-46,3606
18006551;0;0
18006552;-23,469178;-46,511967
18006553;0;0
18006554;-23,484528;-46,538833
18006555;-23,484528;-46,538833
18006556;-23,475875;-46,525314
18006557;-23,484367;-46,538586
18006558;-23,4126;-46,361
18006559;-23,497106;-46,557714
18006560;-23,469358;-46,512528
18006561;-23,475875;-46,525314
18006562;-23,411699;-46,356499
18006563;0;0
18006564;-23,412201;-46,3601
18006565;-23,4125;-46,361
18006566;-23,4118;-46,3582
18006567;-23,484367;-46,538586
18006568;-23,469358;-46,512528
18006569;-23,4125;-46,360901
18006570;0;0
18006571;-23,469444;-46,512811
18006572;0;0
18006573;-23,476667;-46,526553
18006574;-46,457901;-46,457901
18006575;-23,4123;-46,3591
18006576;-23,435432;-46,427652
18006577;-23,484217;-46,538336
18006578;-23,4126;-46,360802
18006579;-23,412293;-46,443266
18006580;-23,435222;-46,42714
18006581;-23,431877;-46,417593
18006582;-23,5002;-46,5623
18006583;-23,412201;-46,356899
18006584;-23,484217;-46,538336
18006585;0;0
18006586;-23,420163;-46,38578
18006587;-23,431765;-46,417329
18006588;-23,469444;-46,512811
18006589;-23,476667;-46,526553
18006590;-23,483733;-46,537589
18006591;0;0
18006592;-23,460501;-46,487499
18006593;-23,428301;-46,4091
18006594;-23,5002;-46,5623
18006595;-23,4121;-46,358501
18006596;-23,435336;-46,427404
18006597;-23,458706;-46,48323
18006598;-23,4816;-46,534233
18006599;0;0
18006600;-23,498583;-46,559181
18006601;-23,476347;-46,526042
18006602;-23,483733;-46,537589
18006603;-23,481436;-46,533992
18006604;0;0
18006605;-23,4119;-46,357498
18006606;-23,476347;-46,526042
18006607;-23,469269;-46,512247
18006608;-23,476025;-46,525558
18006609;-23,469269;-46,512247
18006610;-23,481436;-46,533992
18006611;-23,427565;-46,407429
18006612;0;0
18006613;-23,420086;-46,385499
18006614;-23,431428;-46,416524
18006615;-23,4074;-46,359798
18006616;0;0
18006617;-23,458755;-46,48342
18006618;-23,476025;-46,525558
18006619;-23,432899;-46,413601
18006620;0;0
18006621;-23,5002;-46,5623
18006622;-23,498742;-46,559419
18006623;-23,4198;-46,385399
18006624;-23,43096;-46,415465
18006625;-23,5002;-46,5623
18006626;-23,478947;-46,530936
18006627;-23,455903;-46,475553
18006628;-23,455903;-46,475553
18006629;-23,484053;-46,538094
18006630;0;0
18006631;-23,481278;-46,533744
18006632;-23,493258;-46,552594
18006633;-23,483583;-46,537342
18006634;0;0
18006635;-23,50005;-46,562036
18006636;-23,481278;-46,533744
18006637;-23,483583;-46,537342
18006638;0;0
18006639;0;0
18006640;-23,483425;-46,537094
18006641;-23,483425;-46,537094
18006642;-22,67842;-43,81389
18006643;-23,483264;-46,536856
18006644;-23,486689;-46,542669
18006645;-23,4781;-46,529256
18006646;0;0
18006647;-23,486689;-46,542669
18006648;-23,4984;-46,558886
18006649;-23,484053;-46,538094
18006650;0;0
18006651;0;0
18006652;-23,499225;-46,560028
18006653;-23,498908;-46,559661
18006654;-23,48685;-46,542928
18006655;-23,470758;-46,516125
18006656;0;0
18006657;0;0
18006658;-23,483264;-46,536856
18006659;0;0
18006660;-23,483111;-46,536622
18006661;-23,483111;-46,536622
18006662;-23,482964;-46,536378
18006663;-23,482964;-46,536378
18006664;-23,499058;-46,559806
18006665;0;0
18006666;-23,482806;-46,536139
18006667;0;0
18006668;0;0
18006669;-23,5002;-46,5623
18006670;-23,461606;-46,489558
18006671;0;0
18006672;0;0
18006673;0;0
18006674;0;0
18006675;0;0
18006676;-23,482806;-46,536139
18006677;0;0
18006678;-23,4781;-46,529256
18006679;-23,5002;-46,5623
18006680;-23,43551;-46,427328
18006681;-23,498264;-46,558708
18006682;0;0
18006683;-23,477547;-46,528369
18006684;-23,48685;-46,542928
18006685;-23,485383;-46,540631
18006686;0;0
18006687;-23,483817;-46,538186
18006688;-23,482656;-46,535903
18006689;-22,65981;-43,82634
18006690;-23,482656;-46,535903
18006691;-23,483817;-46,538186
18006692;-22,6772;-43,81553
18006693;-23,477247;-46,5279
18006694;-23,482506;-46,535664
18006695;-23,469531;-46,513083
18006696;-23,482506;-46,535664
18006697;-23,477547;-46,528369
18006698;-23,477247;-46,5279
18006699;-23,483969;-46,538419
18006700;-23,478414;-46,529736
18006701;-23,483969;-46,538419
18006702;-23,482353;-46,535428
18006703;-23,465003;-46,499631
18006704;-23,465003;-46,499631
18006705;-23,465103;-46,499911
18006706;0;0
18006707;-23,482353;-46,535428
18006708;-23,482203;-46,535186
18006709;-23,482203;-46,535186
18006710;-23,484292;-46,5389
18006711;0;0
18006712;-23,482047;-46,534947
18006713;-23,482589;-46,536258
18006714;-23,482589;-46,536258
18006715;-23,482047;-46,534947
18006716;-23,484292;-46,5389
18006717;-22,67766;-43,81514
18006718;-23,414301;-46,362202
18006719;-23,4139;-46,362598
18006720;-23,48275;-46,536506
18006721;0;0
18006722;-23,48275;-46,536506
18006723;0;0
18006724;-23,465408;-46,50075
18006725;-23,465203;-46,500183
18006726;-23,465203;-46,500183
18006727;0;0
18006728;0;0
18006729;-23,487008;-46,543172
18006730;-23,4819;-46,534717
18006731;-22,66285;-43,82517
18006732;-23,485383;-46,540631
18006733;-23,4819;-46,534717
18006734;-23,481126;-46,533506
18006735;-23,481126;-46,533506
18006736;-23,485544;-46,540878
18006737;-23,483197;-46,5372
18006738;-23,4133;-46,3596
18006739;-23,4128;-46,359501
18006740;-23,461403;-46,489028
18006741;0;0
18006742;0;0
18006743;-23,414;-46,360802
18006744;-22,660601;-43,825901
18006745;-23,487008;-46,543172
18006746;0;-46,3593
18006747;-22,66312;-43,82505
18006748;-22,6662;-43,81969
18006749;-23,483197;-46,5372
18006750;-23,413099;-46,3587
18006751;-22,67843;-43,81365
18006752;-23,487322;-46,543667
18006753;-23,485544;-46,540878
18006754;-22,6765;-43,8162
18006755;-23,413099;-46,3596
18006756;-23,485706;-46,541133
18006757;-23,480972;-46,533264
18006758;0;0
18006759;0;0
18006760;0;0
18006761;-22,6644;-43,823898
18006762;-22,67577;-43,81685
18006763;-22,66223;-43,82538
18006764;-22,65875;-43,82641
18006765;-23,485706;-46,541133
18006766;-22,66034;-43,82619
18006767;-22,67844;-43,81421
18006768;-22,66606;-43,82023
18006769;-23,485869;-46,541403
18006770;0;0
18006771;-23,465511;-46,501033
18006772;-23,465511;-46,501033
18006773;-46,421001;-46,421001
18006774;0;0
18006775;-22,67834;-43,81452
18006776;-22,66605;-43,82055
18006777;0;0
18006778;-23,4133;-46,36
18006779;-23,413401;-46,3601
18006780;-23,485869;-46,541403
18006781;-22,66122;-43,82579
18006782;-23,482436;-46,536017
18006783;-23,486028;-46,54165
18006784;-23,482436;-46,536017
18006785;-22,65904;-43,82645
18006786;-23,487164;-46,543419
18006787;0;0
18006788;0;0
18006789;-23,486028;-46,54165
18006790;-23,478658;-46,529653
18006791;0;0
18006792;0;0
18006793;-23,482903;-46,536739
18006794;-23,486197;-46,541917
18006795;-23,482903;-46,536739
18006796;0;0
18006797;-23,478658;-46,529653
18006798;0;0
18006799;-23,451356;-46,465615
18006800;0;0
18006801;0;0
18006802;0;0
18006803;-23,478506;-46,529408
18006804;-23,461606;-46,489558
18006805;0;0
18006806;0;0
18006807;-23,461486;-46,489242
18006808;0;0
18006809;0;0
18006810;0;0
18006811;0;0
18006812;-23,478506;-46,529408
18006813;0;0
18006814;0;0
18006815;-23,478344;-46,529156
18006816;-23,421809;-46,39225
18006817;0;0
18006818;0;0
18006819;-23,478344;-46,529156
18006820;-23,478181;-46,528906
18006821;0;0
18006822;0;0
18006823;-23,478181;-46,528906
18006824;0;0
18006825;0;0
18006826;0;0
18006827;-23,477808;-46,528294
18006828;0;0
18006829;-23,477808;-46,528294
18006830;-23,477706;-46,528614
18006831;-23,48505;-46,540122
18006832;-23,48505;-46,540122
18006833;-23,486197;-46,541917
18006834;-23,477647;-46,528064
18006835;-23,477647;-46,528064
18006836;0;0
18006837;0;0
18006838;0;0
18006839;-23,4132;-46,359699
18006840;0;0
18006841;-23,461486;-46,489242
18006842;-23,505047;-46,568667
18006843;-23,4212;-46,390499
18006844;0;0
18006845;0;0
18006846;0;0
18006847;0;0
18006848;0;0
18006849;-23,477706;-46,528614
18006850;0;0
18006851;0;0
18006852;0;0
18006853;-23,505047;-46,568667
18006854;0;0
18006855;-23,506572;-46,570561
18006856;-23,506572;-46,570561
18006857;0;0
18006858;-23,422181;-46,394596
18006859;-23,5068;-46,570778
18006860;-23,487164;-46,543419
18006861;-22,65954;-43,8264
18006862;0;0
18006863;0;0
18006864;0;0
18006865;-23,478414;-46,529736
18006866;0;0
18006867;-23,486525;-46,542419
18006868;0;0
18006869;0;0
18006870;-23,461403;-46,489028
18006871;0;0
18006872;-23,5068;-46,570778
18006873;0;0
18006874;-23,4515;-46,465698
18006875;-23,507042;-46,571006
18006876;-23,456633;-46,477886
18006877;-23,451467;-46,465884
18006878;0;0
18006879;0;0
18006880;-23,422059;-46,393089
18006881;-46,469299;-46,469299
18006882;-22,6779;-43,8148
18006883;0;0
18006884;0;0
18006885;-23,507042;-46,571006
18006886;0;0
18006887;-23,469236;-46,511397
18006888;0;0
18006889;0;0
18006890;0;0
18006891;-46,4697;-46,4697
18006892;0;0
18006893;-23,4217;-46,3922
18006894;0;0
18006895;-23,484894;-46,539867
18006896;-23,484894;-46,539867
18006897;-22,65928;-43,82646
18006898;-22,66254;-43,82527
18006899;-23,4133;-46,360401
18006900;-23,484572;-46,539394
18006901;-23,484572;-46,539394
18006902;-23,469236;-46,511397
18006903;-23,469417;-46,511964
18006904;-23,412;-46,3579
18006905;0;0
18006906;-23,409901;-46,363098
18006907;-22,66161;-43,82563
18006908;-23,413601;-46,360699
18006909;-23,486367;-46,542178
18006910;-22,66008;-43,82624
18006911;-22,67685;-43,81589
18006912;-23,484389;-46,539153
18006913;-23,484389;-46,539153
18006914;-23,484733;-46,539625
18006915;-23,484733;-46,539625
18006916;0;0
18006917;-23,486367;-46,542178
18006918;0;0
18006919;-23,459356;-46,483153
18006920;-23,433209;-46,421017
18006921;-23,411501;-46,359901
18006922;-23,485219;-46,540375
18006923;-23,485219;-46,540375
18006924;0;0
18006925;-23,419938;-46,386458
18006926;0;0
18006927;-23,421959;-46,392815
18006928;0;0
18006929;-46,391102;-46,391102
18006930;0;0
18006931;0;0
18006932;0;0
18006933;0;0
18006934;-23,477944;-46,529022
18006935;0;0
18006936;-23,421881;-46,392533
18006937;-23,486525;-46,542419
18006938;0;0
18006939;-22,6604;-43,826
18006940;0;0
18006941;-23,413799;-46,360699
18006942;-22,67616;-43,81664
18006943;0;0
18006944;-23,477944;-46,529022
18006945;-23,4135;-46,360001
18006946;0;0
18006947;0;0
18006948;-23,4121;-46,357399
18006949;0;0
18006950;0;0
18006951;0;0
18006952;0;0
18006953;-23,450904;-46,464547
18006954;-23,419859;-46,386173
18006955;-23,451015;-46,464813
18006956;-23,426201;-46,392601
18006957;0;0
18006958;-46,393398;-46,393398
18006959;-23,469417;-46,511964
18006960;-23,487322;-46,543667
18006961;0;0
18006962;0;0
18006963;0;0
18006964;0;0
18006965;0;0
18006966;0;0
18006967;0;0
18006968;0;0
18006969;0;0
18006970;0;0
18006971;-23,229189;-45,90981
18006972;-23,231165;-45,911923
18006973;0;0
18006974;0;0
18006975;0;0
18006976;0;0
18006977;-23,2292;-45,909785
18006978;0;0
18006979;-23,248524;-45,932567
18006980;0;0
18006981;-23,248524;-45,932567
18006982;-23,248511;-45,932574
18006983;-23,248511;-45,932574
18006984;0;0
18006985;0;0
18006986;0;0
18006987;0;0
18006988;-23,248524;-45,932567
18006989;-23,255573;-45,943539
18006990;0;0
18006991;0;0
18006992;0;0
18006993;0;0
18006994;0;0
18006995;0;0
18006996;0;0
18006997;0;0
18006998;0;0
18006999;-23,248524;-45,932567
18007000;0;0
18007001;-23,475719;-46,525083
18007002;-23,464294;-46,497717
18007003;0;0
18007004;-23,246511;-45,930201
18007005;-23,234499;-45,915582
18007006;-23,426613;-46,405975
18007007;-23,431205;-46,415989
18007008;0;0
18007009;-23,246342;-45,929172
18007010;-23,464294;-46,497717
18007011;-23,521289;-46,584592
18007012;-23,464394;-46,497989
18007013;-23,475861;-46,525736
18007014;0;0
18007015;0;0
18007016;0;0
18007017;-23,428834;-46,411348
18007018;0;0
18007019;0;0
18007020;0;0
18007021;0;0
18007022;0;0
18007023;-23,254417;-45,941862
18007024;0;0
18007025;-23,4296;-46,413399
18007026;-23,505126;-46,569145
18007027;-23,475719;-46,525083
18007028;-23,493258;-46,552594
18007029;0;0
18007030;-23,232326;-45,913281
18007031;0;0
18007032;-23,254618;-45,942022
18007033;-23,475575;-46,524844
18007034;0;0
18007035;-23,427862;-46,40927
18007036;-46,4212;-46,4212
18007037;0;0
18007038;-23,4645;-46,498272
18007039;-23,4645;-46,498272
18007040;-23,462767;-46,493467
18007041;-23,246342;-45,929172
18007042;-23,462767;-46,493467
18007043;0;0
18007044;0;0
18007045;-23,429899;-46,417801
18007046;0;0
18007047;0;0
18007048;0;0
18007049;0;0
18007050;0;0
18007051;-23,427727;-46,408674
18007052;0;0
18007053;0;0
18007054;0;0
18007055;-23,246648;-45,929668
18007056;0;0
18007057;0;0
18007058;0;0
18007059;0;0
18007060;-23,505533;-46,569573
18007061;0;0
18007062;-23,499508;-46,561236
18007063;-23,494744;-46,554631
18007064;0;0
18007065;-23,246645;-45,929682
18007066;-23,428499;-46,411098
18007067;-23,475575;-46,524844
18007068;-23,247312;-45,930728
18007069;0;0
18007070;-23,499694;-46,561508
18007071;-23,499508;-46,561236
18007072;-23,473236;-46,521628
18007073;0;0
18007074;-23,499347;-46,560997
18007075;-23,416106;-46,372652
18007076;-23,499347;-46,560997
18007077;-23,475861;-46,525736
18007078;-23,473236;-46,521628
18007079;0;0
18007080;-23,499167;-46,560733
18007081;-23,473389;-46,521881
18007082;-23,231968;-45,912828
18007083;-23,499167;-46,560733
18007084;-23,476014;-46,525975
18007085;-23,234558;-45,915481
18007086;-23,476164;-46,526217
18007087;-23,476164;-46,526217
18007088;-23,475439;-46,524586
18007089;0;0
18007090;-23,476014;-46,525975
18007091;-23,498983;-46,560478
18007092;-23,246342;-45,929172
18007093;-23,498983;-46,560478
18007094;-23,476325;-46,526458
18007095;-23,473389;-46,521881
18007096;0;0
18007097;-23,231547;-45,91246
18007098;-23,476325;-46,526458
18007099;-23,498817;-46,560231
18007100;-23,468269;-46,508325
18007101;-23,498817;-46,560231
18007102;-23,476486;-46,526711
18007103;-23,473083;-46,521389
18007104;-23,473083;-46,521389
18007105;0;0
18007106;-23,246645;-45,929682
18007107;-23,231547;-45,91246
18007108;-23,468269;-46,508325
18007109;-23,246648;-45,929668
18007110;-23,427633;-46,408396
18007111;-23,498647;-46,559978
18007112;-23,475439;-46,524586
18007113;-23,427985;-46,409174
18007114;-23,473544;-46,522119
18007115;-23,498647;-46,559978
18007116;-23,231542;-45,912443
18007117;-23,4599;-46,484501
18007118;0;0
18007119;-23,23289;-45,913951
18007120;0;0
18007121;0;0
18007122;-23,429899;-46,413601
18007123;0;0
18007124;0;0
18007125;0;0
18007126;-23,473544;-46,522119
18007127;-23,254618;-45,942022
18007128;-23,476486;-46,526711
18007129;-23,473697;-46,522361
18007130;-23,254417;-45,941862
18007131;0;0
18007132;-23,473697;-46,522361
18007133;0;0
18007134;-23,231969;-45,912857
18007135;-23,429178;-46,412144
18007136;-23,487283;-46,543136
18007137;-23,246342;-45,929172
18007138;-23,487283;-46,543136
18007139;-23,477156;-46,527319
18007140;0;0
18007141;-23,476642;-46,526958
18007142;0;0
18007143;-23,254618;-45,942022
18007144;-23,476642;-46,526958
18007145;-23,473836;-46,522589
18007146;-23,254368;-45,94189
18007147;-23,473836;-46,522589
18007148;-23,477322;-46,527569
18007149;-23,477322;-46,527569
18007150;-23,254622;-45,942017
18007151;-23,487136;-46,5429
18007152;-23,231965;-45,912849
18007153;-23,254622;-45,942017
18007154;-23,416034;-46,372365
18007155;-23,254618;-45,942022
18007156;-23,476794;-46,527197
18007157;-23,477156;-46,527319
18007158;-23,254368;-45,94189
18007159;-23,487136;-46,5429
18007160;-23,476794;-46,527197
18007161;-23,473964;-46,522794
18007162;0;0
18007163;-23,247312;-45,930728
18007164;0;0
18007165;-23,231965;-45,912849
18007166;0;0
18007167;-23,42841;-46,410273
18007168;0;0
18007169;-23,476947;-46,527428
18007170;0;0
18007171;-23,477483;-46,527814
18007172;0;0
18007173;-23,473964;-46,522794
18007174;-23,468536;-46,509161
18007175;-23,476947;-46,527428
18007176;-23,468536;-46,509161
18007177;-23,486989;-46,542664
18007178;-23,232894;-45,913925
18007179;0;0
18007180;0;0
18007181;0;0
18007182;0;0
18007183;-23,467992;-46,508094
18007184;-23,246342;-45,929172
18007185;0;0
18007186;0;0
18007187;0;0
18007188;-23,254368;-45,94189
18007189;-23,232326;-45,913281
18007190;-23,234551;-45,915499
18007191;-23,428634;-46,410807
18007192;-23,486989;-46,542664
18007193;0;0
18007194;-23,427839;-46,408941
18007195;-23,231541;-45,912419
18007196;-23,468708;-46,509719
18007197;-23,428181;-46,409743
18007198;-23,468067;-46,508344
18007199;0;0
18007200;-23,42906;-46,411881
18007201;-23,231559;-45,912465
18007202;-23,468622;-46,509436
18007203;-23,468622;-46,509436
18007204;0;0
18007205;0;0
18007206;0;0
18007207;-23,231547;-45,91246
18007208;-23,486833;-46,542431
18007209;-23,246648;-45,929668
18007210;0;0
18007211;-23,50015;-46,561864
18007212;-23,50015;-46,561864
18007213;-23,246648;-45,929668
18007214;-23,23289;-45,913951
18007215;-23,486686;-46,542192
18007216;-23,474144;-46,523075
18007217;-23,474144;-46,523075
18007218;-23,231559;-45,912465
18007219;-23,231547;-45,91246
18007220;-23,427518;-46,408121
18007221;-23,23452;-45,915569
18007222;-23,486686;-46,542192
18007223;-23,236592;-45,917845
18007224;-23,230931;-45,91178
18007225;-23,234499;-45,915582
18007226;-23,231968;-45,912828
18007227;-23,486531;-46,541956
18007228;-23,428313;-46,409987
18007229;-23,468144;-46,508606
18007230;-23,239548;-45,921613
18007231;-23,234551;-45,915499
18007232;-23,468225;-46,508881
18007233;-23,477483;-46,527814
18007234;-23,23452;-45,915569
18007235;-23,468225;-46,508881
18007236;-23,474328;-46,52335
18007237;-23,468444;-46,508883
18007238;-23,474328;-46,52335
18007239;-23,246342;-45,929172
18007240;-23,468444;-46,508883
18007241;0;0
18007242;0;0
18007243;-23,474639;-46,523825
18007244;-23,468356;-46,5086
18007245;0;0
18007246;-23,468356;-46,5086
18007247;-23,474508;-46,523608
18007248;-23,474508;-46,523608
18007249;-23,480972;-46,533264
18007250;0;0
18007251;-23,231541;-45,912419
18007252;-23,468318;-46,509169
18007253;-23,479122;-46,530381
18007254;-23,254368;-45,94189
18007255;-23,474783;-46,524067
18007256;-23,468318;-46,509169
18007257;0;0
18007258;0;0
18007259;0;0
18007260;-23,468403;-46,509453
18007261;-23,231542;-45,912443
18007262;-23,486531;-46,541956
18007263;-23,231969;-45,912857
18007264;-23,479122;-46,530381
18007265;-23,234558;-45,915481
18007266;-23,428849;-46,411016
18007267;-23,474783;-46,524067
18007268;0;0
18007269;-23,468403;-46,509453
18007270;0;0
18007271;-23,428946;-46,411615
18007272;-23,468794;-46,509994
18007273;0;0
18007274;0;0
18007275;-23,468794;-46,509994
18007276;0;0
18007277;-23,468486;-46,509722
18007278;-23,483892;-46,537839
18007279;0;0
18007280;-23,486378;-46,541719
18007281;-23,486378;-46,541719
18007282;-23,468883;-46,510267
18007283;-23,468883;-46,510267
18007284;-23,474939;-46,524314
18007285;0;0
18007286;0;0
18007287;0;0
18007288;0;0
18007289;0;0
18007290;-23,431083;-46,415726
18007291;-23,468486;-46,509722
18007292;-23,428063;-46,409476
18007293;0;0
18007294;-23,428054;-46,40854
18007295;-23,483892;-46,537839
18007296;-23,468708;-46,509719
18007297;0;0
18007298;0;0
18007299;0;0
18007300;0;0
18007301;0;0
18007302;0;0
18007303;0;0
18007304;-23,465547;-46,500508
18007305;-23,507286;-46,570517
18007306;0;0
18007307;0;0
18007308;0;0
18007309;0;0
18007310;-23,457328;-46,478306
18007311;-23,507086;-46,570322
18007312;0;0
18007313;0;0
18007314;0;0
18007315;0;0
18007316;0;0
18007317;0;0
18007318;-23,254645;-45,94299
18007319;0;0
18007320;-23,456439;-46,476258
18007321;0;0
18007322;-23,25463;-45,942982
18007323;-23,474939;-46,524314
18007324;-23,25463;-45,942982
18007325;-23,515628;-46,57885
18007326;-23,465353;-46,499958
18007327;-23,506897;-46,570133
18007328;-23,506692;-46,56995
18007329;-23,506486;-46,569758
18007330;-23,465547;-46,500508
18007331;-23,475089;-46,52455
18007332;-23,465353;-46,499958
18007333;0;0
18007334;-23,506292;-46,569561
18007335;-23,506094;-46,569364
18007336;0;0
18007337;-23,505906;-46,569186
18007338;-23,513865;-46,577516
18007339;-23,499817;-46,561885
18007340;-23,498942;-46,56077
18007341;0;0
18007342;-23,499658;-46,56165
18007343;-23,505708;-46,568992
18007344;0;0
18007345;0;0
18007346;0;0
18007347;-23,498401;-46,560351
18007348;-23,467028;-46,505261
18007349;-23,498942;-46,560962
18007350;-23,505522;-46,568786
18007351;0;0
18007352;0;0
18007353;-23,256114;-45,945293
18007354;0;0
18007355;-23,499542;-46,561425
18007356;-23,499982;-46,56215
18007357;-23,457092;-46,47775
18007358;-23,513659;-46,577317
18007359;0;0
18007360;-23,505325;-46,568583
18007361;-23,499327;-46,561177
18007362;-23,505136;-46,568369
18007363;0;0
18007364;0;0
18007365;0;0
18007366;-23,504956;-46,568128
18007367;-23,512972;-46,576317
18007368;0;0
18007369;-23,475089;-46,52455
18007370;0;0
18007371;-23,456147;-46,474544
18007372;-23,505316;-46,569366
18007373;-23,472931;-46,521139
18007374;-23,472931;-46,521139
18007375;-23,467925;-46,50715
18007376;-23,467925;-46,50715
18007377;0;0
18007378;0;0
18007379;-23,467842;-46,506886
18007380;0;0
18007381;0;0
18007382;0;0
18007383;-23,467842;-46,506886
18007384;-23,46775;-46,506619
18007385;-23,46775;-46,506619
18007386;-23,4958;-46,559299
18007387;0;0
18007388;0;0
18007389;0;0
18007390;0;0
18007391;-23,467661;-46,506353
18007392;-23,467661;-46,506353
18007393;0;0
18007394;-23,439864;-46,436511
18007395;0;0
18007396;-23,5098;-46,573631
18007397;0;0
18007398;-23,4139;-46,362
18007399;0;0
18007400;-23,467481;-46,505856
18007401;0;0
18007402;0;0
18007403;0;0
18007404;-23,467481;-46,505856
18007405;-46,4244;-46,4244
18007406;-23,467381;-46,5056
18007407;0;0
18007408;-23,434638;-46,424536
18007409;0;0
18007410;-23,467381;-46,5056
18007411;-23,467294;-46,505358
18007412;-23,467294;-46,505358
18007413;0;0
18007414;0;0
18007415;-23,467203;-46,505108
18007416;-23,472481;-46,520383
18007417;-23,47145;-46,518367
18007418;-23,472356;-46,520158
18007419;-23,472356;-46,520158
18007420;-23,471569;-46,518647
18007421;-23,472481;-46,520383
18007422;-23,471964;-46,519439
18007423;-23,471964;-46,519439
18007424;0;0
18007425;0;0
18007426;-23,472103;-46,519706
18007427;-23,472103;-46,519706
18007428;-23,472225;-46,519925
18007429;-23,472225;-46,519925
18007430;-23,471331;-46,518111
18007431;-23,472631;-46,520633
18007432;-23,471569;-46,518647
18007433;-23,471331;-46,518111
18007434;-23,472631;-46,520633
18007435;0;0
18007436;0;0
18007437;-23,472778;-46,520881
18007438;-23,47145;-46,518367
18007439;-23,472778;-46,520881
18007440;-23,471708;-46,518911
18007441;-23,471708;-46,518911
18007442;-23,471828;-46,519175
18007443;-23,471828;-46,519175
18007444;-23,481967;-46,535297
18007445;0;0
